[0. 0. 1. 0. 1. 1. 0. 0. 0. 0. 1. 0. 0. 0. 1. 0. 1. 1. 0. 0. 0. 0. 1. 0. 1. 0. 1. 0. 0. 1. 0. 0. 0. 1. 0. 0. 0. 0. 0. 1. 1. 0. 0. 0. 1. 0. 1. 0. 0. 0. 1. 0. 1. 0. 1. 0. 0. 0. 1. 1. 0. 0. 0. 1. 0. 0. 0. 0. 0. 0. 0. 0. 0. 0. 1. 0. 0. 0. 0. 0. 0. 1. 0. 0. 0. 0. 0. 0. 1. 0. 0. 0. 0. 0. 0. 0. 0. 0. 0. 0. 0. 0. 0. 0. 0. 1. 0. 0. 0. 1. 0. 0. 0. 0. 0. 0. 0. 0. 0. 0. 0. 1. 1. 0. 0. 0. 0. 1. 0. 0. 0. 0. 0. 0. 1. 0. 0. 0. 0. 0. 0. 1. 0. 0. 0. 0. 0. 0. 0. 0. 1. 0. 0. 0. 0. 0. 0. 0. 0. 0. 0. 0. 1. 0. 1. 0. 1. 0. 0. 0. 0. 0. 0. 0. 1. 1. 0. 0. 0. 0. 0. 0. 0. 0. 0. 0. 0. 0. 0. 1. 0. 0. 0. 0. 0. 0. 0. 1. 0. 1. 0. 0. 0. 0. 0. 0. 0. 0. 0. 0. 0. 1. 0. 0. 0. 0. 0. 1. 1. 0. 0. 0. 1. 0. 0. 0. 0. 0. 0. 0. 1. 1. 0. 0. 0. 0. 0.]
[1. 0. 0. 0. 0. 0. 1. 0. 0. 0. 0. 0. 0. 0. 0. 0. 0. 0. 0. 0. 0. 0. 0. 0. 0. 0. 0. 0. 0. 0. 0. 0. 0. 1. 0. 1. 0. 0. 0. 0. 0. 0. 0. 0. 1. 0. 0. 0. 0. 0. 0. 0. 1. 0. 0. 0. 0. 0. 1. 0. 0. 0. 0. 1. 0. 0. 0. 0. 0. 0. 0. 0. 0. 1. 0. 0. 0. 1. 0. 0. 0. 0. 0. 0. 0. 0. 0. 0. 0. 0. 0. 0. 0. 0. 0. 1. 1. 0. 1. 0. 0. 0. 0. 1. 0. 0. 0. 0. 0. 0. 0. 0. 0. 0. 0. 0. 0. 0. 0. 0. 1. 0. 0. 1. 0. 0. 0. 0. 0. 0. 0. 0. 0. 0. 0. 1. 1. 0. 1. 0. 0. 0. 0. 0. 1. 1. 0. 0. 0. 0. 0. 0. 0. 0. 0. 1. 0. 1. 0. 0. 0. 0. 0. 0. 0. 0. 0. 0. 0. 0. 0. 0. 1. 0. 0. 1. 0. 0. 0. 0. 0. 0. 0. 0. 0. 1. 1. 0. 1. 0. 1. 1. 1. 0. 0. 0. 0. 0. 0. 0. 1. 1. 1. 0. 1. 0. 0. 0. 0. 0. 0. 0. 1. 0. 0. 0. 0. 0. 1. 0. 1. 1. 0. 0. 0. 0. 0. 0. 1. 0. 0. 0. 0. 0. 1. 1. 0.]
[1. 0. 0. 0. 0. 0. 0. 0. 0. 0. 0. 0. 0. 1. 0. 0. 0. 0. 0. 0. 0. 1. 0. 0. 0. 0. 0. 1. 0. 0. 0. 0. 0. 1. 0. 0. 0. 0. 0. 0. 0. 0. 0. 0. 0. 0. 0. 0. 0. 0. 0. 0. 0. 0. 0. 0. 0. 0. 0. 0. 0. 0. 0. 0. 0. 0. 0. 0. 0. 0. 0. 1. 0. 0. 0. 0. 0. 0. 0. 1. 0. 0. 0. 1. 0. 0. 0. 0. 1. 0. 0. 0. 0. 0. 0. 0. 0. 0. 0. 0. 0. 1. 0. 1. 0. 0. 0. 0. 0. 0. 0. 0. 0. 1. 0. 1. 0. 1. 0. 0. 1. 0. 1. 1. 0. 0. 0. 1. 1. 0. 0. 0. 0. 0. 0. 0. 0. 0. 0. 1. 0. 0. 0. 0. 0. 0. 0. 1. 0. 0. 0. 0. 0. 0. 0. 0. 0. 0. 0. 0. 0. 0. 1. 0. 0. 0. 0. 0. 1. 0. 0. 0. 0. 0. 1. 0. 0. 0. 1. 0. 0. 0. 1. 0. 1. 1. 0. 0. 0. 0. 0. 0. 0. 1. 1. 0. 0. 1. 0. 0. 0. 0. 0. 0. 0. 0. 0. 0. 0. 1. 0. 0. 0. 0. 0. 0. 0. 0. 0. 0. 0. 0. 1. 1. 0. 0. 1. 0. 1. 0. 0. 1. 1. 0. 0. 0. 0.]
[0. 0. 0. 0. 0. 0. 0. 0. 0. 1. 1. 0. 1. 1. 0. 0. 0. 0. 0. 0. 0. 1. 0. 0. 0. 1. 0. 1. 1. 0. 0. 0. 0. 0. 0. 0. 1. 1. 0. 0. 0. 1. 0. 0. 0. 0. 0. 0. 0. 0. 0. 0. 0. 0. 0. 0. 0. 1. 0. 0. 0. 0. 1. 0. 1. 0. 0. 0. 0. 0. 0. 0. 1. 0. 1. 1. 0. 0. 0. 0. 0. 0. 0. 0. 0. 0. 0. 0. 0. 0. 1. 0. 0. 0. 0. 0. 0. 0. 0. 0. 1. 0. 0. 0. 0. 0. 0. 0. 1. 0. 0. 0. 0. 1. 0. 1. 0. 0. 0. 0. 0. 1. 0. 0. 0. 1. 0. 0. 0. 0. 0. 0. 0. 0. 0. 0. 0. 0. 0. 0. 0. 0. 0. 0. 0. 0. 0. 0. 1. 0. 1. 0. 0. 0. 0. 0. 0. 0. 1. 0. 0. 0. 0. 0. 0. 0. 0. 0. 0. 0. 0. 0. 0. 1. 0. 0. 0. 0. 1. 0. 0. 0. 0. 0. 0. 0. 1. 0. 0. 0. 1. 0. 0. 0. 0. 0. 0. 1. 0. 0. 0. 1. 0. 0. 0. 1. 1. 0. 1. 0. 0. 0. 1. 0. 0. 0. 1. 0. 1. 1. 0. 0. 0. 0. 0. 0. 0. 0. 0. 0. 0. 0. 0. 1. 1. 1. 1.]
[0. 0. 0. 0. 0. 0. 0. 1. 0. 0. 0. 0. 0. 0. 0. 1. 0. 0. 0. 0. 0. 1. 0. 0. 0. 1. 0. 0. 0. 1. 0. 0. 0. 0. 0. 0. 0. 0. 0. 0. 0. 0. 0. 0. 0. 0. 0. 0. 0. 0. 0. 1. 0. 0. 1. 0. 0. 0. 0. 1. 0. 0. 0. 0. 0. 1. 0. 0. 0. 0. 0. 0. 1. 0. 0. 0. 0. 0. 0. 0. 0. 0. 0. 0. 1. 0. 1. 0. 0. 0. 1. 0. 0. 0. 0. 0. 0. 0. 1. 1. 0. 0. 1. 1. 0. 1. 0. 0. 0. 1. 1. 0. 0. 0. 0. 0. 0. 1. 0. 0. 0. 0. 1. 0. 0. 0. 0. 0. 0. 0. 0. 0. 0. 0. 0. 0. 0. 1. 1. 0. 0. 0. 0. 0. 0. 0. 0. 1. 0. 0. 0. 0. 0. 0. 0. 0. 0. 0. 0. 0. 0. 0. 0. 0. 0. 0. 0. 1. 0. 0. 0. 0. 0. 0. 1. 0. 0. 0. 0. 0. 0. 0. 0. 1. 1. 0. 0. 0. 0. 0. 0. 0. 0. 0. 0. 0. 0. 0. 0. 0. 0. 0. 0. 1. 0. 0. 0. 0. 0. 0. 0. 0. 0. 0. 0. 0. 0. 0. 0. 0. 0. 0. 0. 0. 0. 0. 0. 1. 0. 0. 0. 1. 0. 0. 0. 0. 0.]
[0. 1. 0. 0. 0. 0. 0. 0. 1. 0. 1. 0. 0. 0. 0. 0. 0. 1. 0. 0. 0. 0. 0. 0. 1. 0. 1. 0. 0. 0. 0. 0. 1. 0. 0. 0. 0. 0. 0. 0. 0. 0. 1. 0. 0. 0. 0. 0. 0. 0. 0. 0. 0. 0. 0. 0. 0. 0. 1. 1. 0. 1. 0. 0. 0. 0. 0. 0. 1. 0. 0. 0. 0. 0. 0. 0. 0. 0. 1. 0. 1. 0. 0. 0. 0. 0. 0. 0. 0. 0. 1. 0. 0. 0. 0. 1. 0. 0. 0. 0. 0. 0. 0. 0. 0. 0. 0. 0. 0. 0. 0. 0. 0. 0. 0. 0. 0. 0. 1. 0. 0. 1. 0. 0. 0. 0. 0. 0. 0. 0. 0. 0. 0. 0. 0. 0. 0. 0. 0. 0. 0. 0. 0. 0. 0. 0. 0. 0. 1. 0. 0. 1. 0. 0. 0. 0. 0. 0. 1. 0. 0. 0. 1. 0. 1. 1. 0. 0. 0. 1. 0. 0. 0. 0. 0. 0. 0. 0. 0. 0. 1. 0. 1. 0. 0. 0. 0. 1. 0. 0. 0. 0. 0. 0. 0. 0. 0. 0. 1. 0. 0. 0. 0. 0. 0. 0. 1. 0. 1. 1. 0. 0. 0. 0. 0. 0. 0. 0. 0. 1. 0. 0. 1. 1. 0. 1. 0. 0. 0. 1. 0. 0. 0. 0. 0. 0. 1.]
[0. 0. 0. 0. 0. 0. 0. 0. 0. 0. 0. 0. 1. 0. 1. 0. 0. 1. 0. 0. 0. 0. 0. 0. 0. 0. 0. 0. 0. 0. 1. 1. 0. 0. 0. 0. 0. 0. 1. 0. 0. 0. 0. 0. 0. 0. 0. 0. 0. 0. 0. 0. 0. 0. 0. 1. 1. 0. 0. 0. 0. 0. 0. 0. 0. 0. 0. 0. 0. 0. 0. 0. 0. 0. 0. 0. 0. 0. 0. 0. 0. 0. 0. 1. 0. 0. 0. 0. 0. 0. 0. 0. 0. 0. 0. 0. 1. 0. 0. 0. 0. 0. 1. 0. 0. 0. 1. 1. 0. 0. 0. 0. 0. 0. 1. 0. 0. 1. 0. 0. 0. 0. 1. 1. 0. 0. 0. 0. 0. 0. 0. 0. 1. 0. 1. 0. 0. 0. 0. 0. 0. 1. 0. 0. 1. 0. 0. 0. 1. 0. 0. 0. 0. 0. 1. 0. 0. 0. 0. 0. 0. 0. 0. 0. 1. 0. 1. 0. 0. 0. 0. 0. 0. 0. 0. 0. 0. 1. 0. 0. 0. 0. 0. 0. 0. 0. 0. 0. 0. 0. 0. 0. 0. 0. 0. 0. 0. 0. 0. 0. 0. 0. 1. 1. 1. 0. 0. 0. 0. 0. 0. 0. 0. 0. 0. 0. 0. 0. 0. 0. 0. 0. 0. 0. 0. 0. 1. 0. 0. 0. 0. 0. 0. 0. 0. 0. 0.]
[0. 0. 0. 1. 0. 1. 0. 0. 0. 0. 0. 0. 0. 0. 0. 0. 0. 0. 0. 0. 0. 0. 0. 0. 0. 0. 0. 0. 0. 0. 0. 1. 0. 0. 0. 1. 0. 1. 0. 0. 0. 0. 0. 0. 1. 0. 1. 1. 0. 0. 0. 0. 0. 0. 0. 0. 0. 0. 1. 0. 0. 0. 1. 0. 0. 0. 1. 0. 0. 0. 1. 0. 0. 0. 0. 0. 0. 0. 0. 0. 0. 1. 0. 0. 0. 0. 0. 1. 1. 0. 0. 0. 0. 0. 0. 0. 1. 1. 0. 0. 1. 0. 0. 1. 0. 0. 0. 0. 0. 1. 0. 0. 0. 0. 0. 0. 0. 1. 0. 0. 1. 1. 1. 0. 0. 0. 0. 0. 0. 0. 0. 0. 1. 1. 0. 0. 0. 0. 0. 0. 1. 0. 1. 0. 1. 0. 0. 0. 0. 0. 0. 0. 0. 0. 0. 1. 1. 0. 1. 0. 0. 1. 1. 0. 0. 1. 0. 0. 0. 1. 0. 0. 0. 0. 0. 0. 1. 1. 0. 0. 0. 0. 0. 0. 0. 0. 1. 0. 0. 0. 0. 1. 0. 0. 0. 0. 0. 0. 0. 0. 0. 0. 0. 0. 0. 0. 1. 0. 0. 0. 0. 0. 0. 0. 0. 0. 1. 0. 1. 1. 0. 0. 0. 0. 1. 0. 0. 0. 0. 0. 0. 0. 0. 1. 0. 1. 0.]
[1. 0. 0. 1. 0. 0. 0. 0. 0. 0. 0. 0. 0. 0. 1. 1. 0. 0. 0. 1. 1. 0. 0. 0. 0. 0. 0. 0. 0. 0. 0. 1. 0. 0. 0. 0. 0. 0. 0. 0. 1. 1. 0. 1. 0. 0. 0. 0. 1. 0. 0. 0. 0. 0. 0. 0. 0. 0. 0. 0. 0. 0. 0. 1. 0. 0. 1. 0. 0. 1. 1. 0. 0. 0. 0. 1. 1. 0. 0. 0. 0. 0. 0. 1. 0. 0. 0. 1. 1. 0. 0. 0. 0. 0. 0. 0. 1. 0. 0. 0. 0. 0. 0. 0. 0. 0. 0. 0. 0. 1. 1. 0. 1. 0. 0. 0. 0. 0. 1. 1. 0. 0. 0. 0. 0. 0. 1. 0. 0. 0. 0. 0. 0. 0. 0. 0. 0. 1. 0. 0. 1. 0. 0. 0. 0. 0. 0. 0. 0. 1. 1. 1. 0. 0. 0. 1. 1. 0. 0. 0. 0. 1. 0. 0. 0. 0. 0. 0. 0. 0. 0. 0. 1. 0. 0. 0. 0. 1. 0. 0. 0. 0. 0. 0. 1. 0. 0. 1. 1. 0. 0. 1. 0. 0. 0. 1. 1. 0. 0. 0. 0. 0. 0. 0. 0. 0. 0. 0. 0. 1. 0. 0. 0. 0. 1. 0. 0. 0. 0. 0. 0. 0. 0. 1. 0. 0. 0. 0. 0. 0. 0. 0. 0. 0. 0. 1. 0.]
[0. 0. 0. 0. 1. 1. 1. 0. 0. 0. 1. 0. 0. 0. 0. 0. 0. 0. 0. 1. 0. 0. 0. 0. 0. 0. 0. 0. 0. 0. 0. 0. 0. 0. 0. 0. 0. 0. 1. 1. 0. 0. 0. 0. 0. 0. 0. 0. 1. 0. 0. 0. 0. 0. 0. 0. 0. 0. 0. 0. 0. 0. 0. 0. 0. 0. 0. 0. 1. 0. 1. 0. 0. 0. 1. 1. 0. 0. 0. 0. 0. 0. 0. 0. 1. 0. 0. 0. 0. 0. 1. 0. 0. 0. 0. 1. 0. 0. 1. 0. 0. 0. 0. 1. 0. 0. 0. 0. 0. 0. 0. 0. 0. 0. 0. 0. 0. 0. 1. 0. 0. 0. 0. 0. 1. 1. 0. 0. 1. 0. 0. 0. 1. 0. 0. 0. 0. 1. 0. 0. 1. 0. 0. 0. 0. 0. 0. 0. 0. 0. 0. 0. 1. 0. 0. 0. 0. 0. 1. 0. 1. 1. 0. 0. 0. 0. 0. 0. 0. 0. 0. 0. 1. 0. 0. 1. 0. 0. 1. 1. 0. 0. 0. 0. 1. 0. 1. 0. 0. 1. 1. 1. 0. 0. 0. 0. 0. 0. 0. 0. 0. 0. 0. 0. 0. 0. 0. 0. 0. 0. 0. 1. 0. 0. 0. 0. 0. 0. 0. 0. 0. 0. 0. 1. 0. 1. 0. 0. 0. 0. 0. 0. 0. 0. 0. 0. 0.]
[0. 0. 0. 0. 1. 0. 0. 0. 0. 1. 0. 0. 0. 1. 0. 1. 0. 0. 0. 0. 0. 1. 0. 0. 0. 0. 1. 0. 0. 1. 0. 0. 0. 1. 0. 0. 0. 0. 0. 0. 1. 0. 1. 0. 0. 0. 0. 0. 1. 0. 0. 0. 0. 0. 1. 1. 0. 0. 1. 0. 0. 0. 0. 0. 0. 1. 0. 0. 0. 0. 0. 0. 0. 0. 0. 1. 0. 0. 0. 0. 0. 1. 0. 0. 0. 0. 1. 0. 0. 0. 0. 0. 0. 0. 1. 0. 0. 0. 1. 0. 1. 0. 0. 0. 0. 0. 0. 0. 0. 0. 1. 0. 1. 0. 0. 1. 0. 0. 0. 0. 0. 0. 0. 0. 0. 0. 0. 0. 0. 0. 0. 0. 1. 0. 1. 0. 0. 0. 0. 1. 0. 1. 0. 0. 0. 0. 1. 0. 0. 0. 0. 0. 0. 0. 0. 1. 1. 0. 0. 0. 0. 0. 0. 0. 0. 0. 0. 0. 0. 0. 0. 0. 0. 0. 0. 0. 0. 0. 0. 0. 0. 0. 0. 0. 1. 0. 0. 0. 0. 0. 0. 0. 0. 0. 0. 0. 0. 0. 0. 0. 1. 0. 0. 0. 0. 0. 0. 1. 0. 1. 1. 1. 0. 1. 0. 0. 0. 0. 0. 0. 0. 0. 0. 0. 0. 0. 0. 1. 0. 1. 0. 0. 0. 0. 0. 0. 0.]
[0. 0. 1. 0. 0. 0. 0. 0. 0. 0. 1. 0. 1. 0. 1. 0. 0. 0. 1. 1. 1. 0. 1. 0. 1. 0. 0. 0. 0. 0. 1. 1. 0. 0. 0. 0. 0. 0. 0. 1. 1. 1. 0. 0. 0. 0. 1. 0. 1. 0. 0. 0. 0. 0. 0. 0. 0. 0. 0. 0. 0. 0. 1. 0. 1. 0. 0. 0. 0. 1. 0. 0. 0. 0. 1. 0. 0. 0. 0. 0. 0. 0. 0. 0. 0. 0. 0. 0. 0. 0. 0. 0. 0. 0. 0. 1. 0. 0. 0. 0. 0. 0. 0. 0. 0. 0. 0. 0. 0. 0. 0. 1. 0. 0. 0. 0. 1. 0. 0. 0. 0. 0. 0. 0. 1. 0. 0. 0. 0. 0. 1. 1. 0. 0. 0. 0. 0. 0. 0. 0. 0. 0. 1. 0. 1. 0. 0. 0. 0. 0. 0. 0. 0. 0. 0. 1. 0. 0. 1. 1. 0. 0. 0. 0. 0. 0. 1. 0. 0. 0. 0. 0. 1. 0. 0. 0. 0. 0. 0. 0. 0. 0. 0. 0. 0. 0. 0. 1. 0. 1. 0. 1. 0. 0. 0. 0. 0. 1. 1. 0. 0. 0. 0. 0. 1. 1. 0. 0. 1. 0. 0. 0. 0. 0. 0. 0. 0. 0. 0. 0. 0. 0. 0. 0. 0. 0. 0. 0. 0. 0. 0. 1. 0. 0. 1. 0. 1.]
[0. 0. 0. 0. 0. 0. 0. 1. 0. 0. 0. 0. 0. 0. 0. 0. 0. 0. 0. 0. 0. 0. 0. 0. 0. 0. 0. 0. 0. 0. 0. 0. 0. 0. 1. 0. 0. 0. 0. 0. 0. 0. 0. 0. 0. 0. 1. 0. 0. 0. 1. 0. 1. 0. 0. 0. 0. 1. 0. 1. 0. 1. 0. 0. 1. 0. 0. 0. 1. 0. 1. 0. 0. 1. 0. 0. 0. 1. 0. 0. 0. 0. 0. 0. 0. 1. 0. 0. 0. 1. 0. 0. 0. 0. 0. 0. 0. 0. 0. 0. 0. 1. 0. 0. 0. 0. 0. 1. 0. 0. 0. 0. 0. 0. 0. 0. 0. 0. 0. 0. 1. 0. 0. 0. 1. 1. 0. 0. 1. 0. 1. 0. 0. 0. 0. 0. 0. 0. 1. 0. 1. 0. 0. 1. 0. 1. 0. 0. 1. 0. 0. 0. 0. 0. 1. 0. 1. 0. 1. 0. 0. 0. 0. 0. 0. 0. 0. 0. 1. 0. 0. 0. 0. 0. 0. 1. 0. 1. 0. 1. 1. 0. 0. 0. 0. 1. 0. 0. 0. 0. 0. 0. 1. 1. 0. 0. 0. 0. 0. 0. 0. 1. 0. 0. 0. 0. 0. 0. 0. 0. 0. 0. 0. 0. 0. 0. 0. 0. 0. 0. 0. 0. 0. 1. 0. 0. 0. 0. 1. 1. 0. 0. 0. 0. 0. 0. 0.]
[0. 0. 1. 0. 1. 0. 0. 0. 0. 1. 0. 0. 0. 0. 0. 0. 1. 0. 0. 0. 0. 0. 0. 1. 0. 0. 1. 0. 0. 0. 0. 1. 0. 1. 1. 1. 0. 1. 0. 1. 0. 1. 0. 0. 0. 0. 0. 0. 0. 0. 0. 0. 0. 0. 0. 0. 0. 0. 0. 0. 0. 0. 0. 0. 0. 0. 0. 1. 0. 1. 0. 0. 0. 0. 0. 0. 0. 0. 0. 0. 0. 0. 0. 1. 1. 0. 0. 1. 0. 0. 0. 0. 0. 1. 0. 0. 0. 0. 0. 0. 0. 0. 0. 1. 0. 0. 0. 0. 1. 0. 1. 1. 0. 0. 0. 0. 1. 1. 0. 0. 0. 0. 0. 0. 0. 0. 1. 0. 0. 0. 0. 0. 0. 0. 0. 1. 0. 1. 0. 1. 0. 1. 0. 0. 0. 0. 0. 0. 0. 0. 0. 1. 0. 0. 0. 0. 0. 1. 0. 0. 0. 0. 0. 0. 0. 0. 0. 0. 0. 0. 0. 0. 0. 1. 0. 0. 0. 0. 1. 0. 1. 0. 1. 0. 0. 0. 1. 0. 0. 0. 0. 0. 0. 0. 0. 0. 0. 0. 0. 1. 0. 0. 0. 0. 1. 1. 0. 0. 0. 1. 1. 0. 1. 0. 0. 0. 0. 0. 1. 0. 0. 0. 1. 0. 0. 0. 0. 0. 0. 0. 0. 0. 0. 0. 0. 1. 1.]
[0. 0. 0. 0. 0. 0. 0. 0. 1. 0. 0. 0. 1. 1. 0. 0. 0. 0. 1. 0. 0. 0. 1. 0. 0. 0. 0. 0. 0. 0. 0. 1. 1. 0. 0. 0. 1. 0. 0. 0. 0. 0. 0. 1. 0. 0. 0. 0. 0. 0. 1. 1. 0. 0. 0. 0. 0. 0. 0. 0. 0. 0. 0. 1. 1. 0. 1. 1. 1. 0. 0. 0. 0. 0. 0. 0. 0. 1. 0. 1. 1. 0. 0. 0. 0. 0. 0. 0. 0. 0. 0. 0. 0. 0. 0. 0. 0. 0. 1. 0. 0. 0. 0. 0. 0. 0. 0. 0. 0. 0. 0. 0. 0. 0. 0. 0. 0. 0. 0. 0. 1. 0. 0. 1. 0. 0. 0. 0. 0. 1. 0. 1. 0. 0. 0. 0. 0. 0. 0. 1. 0. 0. 0. 0. 0. 0. 0. 0. 0. 0. 0. 0. 0. 0. 0. 0. 0. 0. 0. 0. 0. 0. 0. 0. 0. 0. 0. 0. 0. 0. 0. 0. 0. 0. 0. 1. 0. 0. 0. 0. 0. 1. 0. 0. 0. 0. 0. 0. 0. 1. 1. 0. 0. 0. 0. 0. 0. 1. 0. 1. 0. 1. 0. 0. 0. 0. 0. 0. 0. 0. 0. 0. 0. 0. 0. 0. 0. 1. 0. 0. 0. 0. 0. 0. 0. 0. 0. 0. 0. 1. 0. 0. 0. 0. 0. 0. 0.]
[0. 1. 0. 0. 0. 0. 0. 0. 0. 1. 0. 1. 0. 0. 0. 1. 0. 0. 0. 0. 0. 0. 0. 0. 0. 0. 0. 0. 0. 0. 0. 0. 0. 1. 0. 0. 0. 0. 0. 1. 0. 0. 0. 0. 0. 0. 0. 0. 1. 0. 0. 0. 0. 0. 0. 0. 0. 0. 0. 0. 0. 1. 0. 0. 0. 1. 0. 0. 1. 0. 1. 0. 1. 0. 1. 0. 1. 1. 0. 0. 0. 0. 1. 0. 0. 0. 0. 0. 1. 0. 0. 1. 0. 0. 0. 0. 0. 1. 0. 0. 0. 0. 0. 0. 0. 1. 1. 0. 0. 0. 0. 0. 0. 0. 0. 0. 0. 0. 0. 0. 0. 0. 0. 0. 1. 0. 0. 0. 0. 0. 1. 0. 1. 0. 0. 0. 0. 0. 0. 0. 0. 0. 0. 0. 0. 1. 0. 0. 0. 0. 0. 0. 0. 0. 0. 0. 0. 0. 0. 0. 0. 0. 0. 0. 1. 0. 0. 0. 0. 0. 0. 0. 0. 0. 0. 0. 0. 0. 0. 0. 0. 0. 0. 0. 0. 0. 0. 0. 1. 0. 0. 0. 0. 0. 0. 0. 0. 0. 0. 0. 1. 0. 0. 0. 0. 0. 0. 0. 1. 0. 0. 0. 0. 0. 0. 0. 0. 0. 1. 0. 0. 0. 0. 1. 1. 1. 0. 0. 0. 0. 0. 0. 0. 0. 0. 0. 1.]
[0. 0. 1. 0. 0. 1. 0. 0. 1. 0. 0. 1. 0. 0. 0. 1. 0. 0. 0. 0. 1. 0. 0. 0. 0. 0. 0. 0. 0. 0. 0. 0. 0. 1. 0. 0. 0. 0. 0. 0. 0. 0. 0. 0. 0. 0. 0. 1. 0. 0. 0. 0. 0. 0. 1. 0. 0. 1. 0. 0. 0. 1. 0. 0. 0. 1. 0. 0. 0. 0. 0. 0. 1. 0. 0. 0. 0. 0. 0. 1. 0. 0. 1. 0. 0. 0. 1. 0. 0. 0. 0. 0. 0. 0. 1. 0. 0. 0. 0. 0. 0. 1. 0. 0. 0. 1. 0. 0. 0. 1. 0. 0. 1. 0. 0. 0. 0. 1. 0. 0. 0. 0. 1. 0. 0. 0. 1. 0. 0. 1. 0. 0. 0. 1. 1. 0. 0. 0. 0. 0. 0. 0. 0. 0. 0. 0. 0. 0. 0. 1. 0. 0. 0. 0. 1. 0. 0. 0. 0. 0. 0. 0. 1. 0. 0. 0. 0. 0. 0. 0. 0. 0. 0. 0. 1. 0. 0. 0. 1. 0. 0. 0. 0. 0. 0. 1. 1. 0. 1. 0. 0. 0. 0. 0. 0. 1. 1. 0. 0. 0. 0. 1. 0. 0. 0. 0. 0. 0. 0. 1. 0. 0. 0. 0. 0. 0. 1. 1. 0. 0. 0. 0. 0. 0. 0. 0. 0. 0. 1. 0. 1. 0. 0. 0. 0. 0. 0.]
[0. 0. 0. 0. 1. 0. 0. 0. 0. 0. 0. 1. 0. 0. 0. 0. 0. 0. 0. 0. 0. 0. 0. 0. 0. 0. 0. 0. 0. 0. 0. 1. 0. 0. 1. 0. 0. 0. 0. 0. 1. 0. 0. 0. 1. 0. 0. 0. 1. 1. 0. 0. 0. 0. 0. 0. 0. 1. 0. 0. 0. 0. 0. 0. 0. 0. 0. 0. 0. 0. 0. 0. 0. 1. 0. 1. 0. 0. 0. 0. 0. 0. 0. 0. 0. 0. 1. 0. 0. 0. 0. 0. 0. 0. 0. 0. 0. 0. 0. 0. 0. 0. 0. 1. 0. 0. 0. 0. 0. 0. 0. 1. 0. 0. 0. 0. 1. 0. 0. 0. 0. 0. 0. 1. 1. 0. 1. 1. 0. 0. 1. 0. 0. 0. 0. 0. 0. 0. 0. 0. 0. 0. 0. 0. 0. 0. 0. 1. 0. 1. 0. 0. 0. 0. 0. 0. 0. 0. 0. 1. 1. 0. 0. 0. 0. 0. 0. 0. 0. 0. 0. 0. 0. 0. 0. 0. 0. 0. 0. 0. 0. 0. 0. 0. 1. 0. 0. 0. 0. 0. 0. 1. 0. 0. 0. 0. 0. 0. 0. 0. 0. 0. 1. 0. 0. 0. 0. 0. 1. 1. 0. 0. 1. 0. 0. 0. 1. 1. 0. 1. 0. 0. 0. 0. 0. 0. 0. 0. 0. 1. 1. 0. 0. 0. 0. 0. 0.]
[0. 0. 0. 0. 0. 0. 0. 0. 0. 0. 0. 0. 0. 0. 1. 0. 0. 0. 0. 0. 0. 0. 0. 0. 0. 0. 0. 0. 0. 0. 0. 0. 0. 1. 0. 1. 0. 1. 0. 0. 1. 0. 0. 1. 1. 0. 0. 0. 0. 0. 0. 0. 0. 0. 1. 0. 1. 0. 0. 1. 0. 0. 1. 0. 0. 0. 0. 0. 0. 0. 0. 0. 1. 0. 0. 0. 0. 0. 1. 1. 0. 0. 0. 1. 0. 0. 0. 0. 0. 0. 0. 1. 0. 0. 0. 1. 0. 0. 0. 0. 0. 0. 0. 0. 1. 0. 0. 0. 0. 0. 0. 0. 0. 0. 0. 0. 1. 0. 1. 0. 0. 0. 0. 0. 0. 0. 0. 1. 0. 0. 0. 1. 1. 1. 1. 0. 1. 0. 0. 0. 0. 0. 0. 0. 0. 1. 0. 0. 0. 0. 0. 0. 0. 0. 0. 0. 0. 0. 0. 0. 0. 0. 1. 0. 0. 0. 0. 0. 0. 0. 0. 0. 0. 1. 0. 0. 0. 0. 0. 0. 0. 0. 0. 0. 1. 0. 0. 0. 0. 0. 1. 0. 0. 0. 0. 1. 0. 0. 0. 0. 0. 0. 0. 0. 0. 0. 1. 0. 0. 1. 0. 0. 1. 0. 0. 0. 0. 0. 0. 0. 0. 0. 0. 0. 0. 1. 0. 1. 0. 0. 0. 0. 0. 0. 0. 0. 0.]
[0. 0. 0. 1. 0. 1. 1. 0. 0. 0. 0. 0. 0. 0. 0. 0. 0. 0. 0. 1. 0. 1. 1. 0. 0. 1. 0. 0. 0. 0. 0. 0. 0. 0. 1. 0. 0. 0. 0. 0. 0. 0. 0. 0. 0. 0. 0. 0. 0. 0. 1. 0. 0. 0. 0. 0. 0. 0. 0. 1. 0. 0. 1. 0. 0. 0. 1. 0. 0. 0. 0. 0. 0. 0. 1. 1. 0. 1. 0. 0. 0. 0. 0. 1. 1. 0. 0. 1. 0. 0. 0. 1. 0. 0. 0. 0. 0. 0. 0. 0. 0. 0. 0. 0. 0. 0. 0. 0. 0. 0. 0. 1. 0. 0. 1. 0. 0. 0. 0. 0. 0. 0. 0. 0. 0. 0. 0. 0. 0. 0. 1. 0. 0. 1. 0. 0. 0. 0. 0. 0. 0. 0. 1. 0. 0. 0. 0. 0. 1. 0. 0. 0. 0. 0. 1. 1. 0. 0. 0. 0. 1. 0. 0. 0. 0. 0. 0. 1. 0. 1. 0. 1. 0. 0. 0. 0. 0. 0. 1. 0. 1. 0. 0. 0. 0. 0. 0. 0. 0. 0. 1. 0. 0. 0. 0. 1. 0. 0. 0. 0. 0. 0. 1. 0. 0. 0. 0. 1. 0. 0. 1. 1. 0. 0. 0. 0. 0. 0. 0. 0. 0. 0. 0. 1. 0. 1. 0. 0. 0. 1. 0. 1. 0. 0. 1. 0. 0.]
[0. 1. 0. 0. 1. 0. 0. 0. 0. 0. 1. 0. 0. 0. 0. 1. 0. 0. 0. 1. 0. 1. 0. 0. 0. 0. 0. 0. 0. 0. 1. 0. 0. 0. 0. 0. 1. 0. 1. 0. 0. 0. 0. 0. 0. 0. 0. 0. 1. 0. 0. 1. 0. 0. 0. 0. 1. 1. 0. 0. 1. 0. 0. 1. 1. 0. 0. 0. 0. 1. 1. 1. 0. 1. 0. 0. 0. 0. 1. 0. 1. 0. 0. 0. 0. 1. 0. 0. 0. 0. 1. 1. 0. 0. 0. 0. 0. 0. 0. 0. 0. 0. 0. 0. 0. 0. 0. 1. 0. 0. 0. 1. 0. 0. 0. 1. 1. 0. 0. 0. 0. 1. 0. 0. 0. 0. 0. 0. 0. 0. 0. 0. 1. 0. 0. 0. 0. 0. 1. 0. 0. 0. 0. 0. 0. 1. 0. 1. 0. 0. 0. 1. 1. 0. 0. 1. 0. 0. 0. 0. 1. 1. 0. 0. 0. 0. 0. 0. 0. 1. 0. 0. 0. 1. 1. 1. 0. 0. 0. 0. 1. 0. 0. 0. 0. 0. 0. 0. 0. 0. 0. 0. 0. 0. 0. 1. 1. 1. 1. 0. 1. 0. 0. 0. 0. 0. 0. 0. 0. 0. 0. 0. 0. 0. 0. 0. 0. 1. 1. 1. 1. 0. 0. 0. 0. 0. 0. 1. 1. 0. 0. 1. 0. 0. 0. 0. 0.]
[0. 0. 1. 0. 0. 1. 0. 0. 0. 1. 0. 0. 0. 0. 0. 0. 0. 0. 0. 0. 0. 0. 1. 0. 0. 0. 0. 0. 0. 0. 0. 0. 1. 0. 1. 0. 0. 0. 0. 0. 1. 0. 0. 1. 0. 0. 0. 0. 0. 0. 0. 0. 0. 0. 0. 0. 0. 0. 0. 0. 0. 0. 0. 0. 0. 1. 0. 0. 0. 0. 0. 0. 1. 0. 0. 0. 1. 0. 0. 0. 0. 0. 0. 0. 0. 0. 0. 0. 1. 0. 1. 0. 1. 0. 0. 0. 0. 0. 0. 0. 0. 0. 0. 0. 0. 0. 0. 0. 0. 0. 0. 0. 0. 0. 0. 0. 0. 0. 0. 0. 0. 1. 0. 0. 1. 0. 0. 0. 1. 0. 0. 0. 0. 0. 0. 0. 1. 0. 0. 1. 0. 0. 0. 0. 0. 0. 0. 0. 0. 0. 0. 0. 1. 1. 0. 0. 0. 0. 0. 0. 0. 0. 0. 0. 0. 0. 1. 0. 1. 0. 0. 0. 0. 0. 0. 0. 0. 0. 0. 0. 0. 0. 0. 0. 0. 0. 0. 0. 1. 0. 0. 0. 0. 0. 1. 0. 0. 0. 1. 0. 0. 0. 0. 0. 0. 0. 0. 0. 0. 0. 1. 1. 0. 0. 0. 0. 0. 0. 0. 0. 0. 1. 0. 0. 0. 0. 1. 0. 0. 0. 0. 0. 0. 1. 1. 0. 0.]
[1. 0. 0. 1. 0. 0. 0. 0. 0. 1. 0. 0. 0. 0. 0. 0. 0. 1. 0. 1. 0. 0. 0. 0. 0. 0. 0. 0. 0. 0. 0. 0. 0. 1. 0. 0. 0. 0. 0. 1. 0. 0. 0. 0. 1. 0. 1. 0. 1. 0. 0. 0. 1. 1. 0. 1. 1. 0. 0. 0. 0. 1. 0. 0. 0. 0. 0. 0. 0. 0. 0. 0. 0. 0. 0. 0. 0. 1. 0. 0. 0. 0. 0. 0. 0. 0. 0. 0. 0. 0. 0. 0. 0. 0. 0. 0. 1. 0. 0. 0. 0. 0. 0. 0. 0. 0. 0. 0. 1. 0. 0. 0. 0. 0. 1. 1. 0. 0. 0. 0. 0. 0. 0. 1. 0. 0. 0. 0. 0. 0. 0. 0. 0. 0. 1. 0. 1. 1. 0. 1. 0. 0. 0. 0. 0. 0. 0. 0. 1. 0. 0. 0. 0. 0. 0. 0. 0. 0. 0. 0. 1. 0. 0. 0. 0. 0. 0. 0. 0. 0. 0. 1. 0. 0. 0. 1. 0. 0. 0. 0. 0. 0. 0. 0. 0. 1. 0. 0. 0. 0. 0. 0. 0. 1. 1. 0. 0. 0. 0. 1. 1. 1. 0. 0. 0. 0. 1. 1. 0. 0. 0. 0. 0. 0. 0. 0. 0. 0. 0. 0. 0. 1. 0. 0. 0. 0. 0. 0. 0. 0. 0. 0. 0. 0. 0. 1. 1.]
[1. 0. 1. 0. 0. 0. 1. 1. 0. 0. 0. 0. 0. 0. 0. 0. 0. 0. 0. 0. 0. 0. 0. 0. 1. 0. 0. 0. 0. 0. 0. 0. 0. 0. 0. 0. 0. 0. 0. 1. 0. 0. 0. 0. 0. 0. 1. 0. 0. 0. 0. 0. 0. 0. 1. 1. 0. 0. 0. 0. 0. 0. 0. 0. 0. 1. 0. 0. 0. 1. 0. 0. 0. 0. 0. 0. 0. 0. 0. 0. 0. 0. 0. 0. 0. 0. 0. 1. 0. 0. 0. 0. 0. 0. 0. 0. 0. 0. 0. 0. 0. 1. 0. 0. 1. 0. 0. 1. 0. 0. 0. 0. 0. 1. 0. 0. 0. 0. 0. 0. 0. 1. 0. 0. 0. 0. 0. 0. 1. 1. 0. 0. 0. 1. 0. 1. 0. 0. 0. 0. 0. 0. 0. 0. 0. 1. 0. 0. 0. 0. 0. 0. 0. 0. 0. 0. 0. 0. 0. 0. 0. 0. 0. 0. 1. 0. 0. 0. 0. 0. 0. 0. 1. 0. 0. 0. 0. 1. 0. 1. 0. 0. 0. 0. 0. 0. 0. 0. 0. 0. 0. 0. 0. 1. 0. 0. 0. 0. 0. 0. 0. 1. 0. 0. 0. 1. 0. 0. 0. 0. 0. 1. 0. 0. 1. 0. 0. 0. 0. 0. 0. 0. 0. 0. 0. 0. 0. 0. 1. 0. 0. 0. 1. 0. 0. 0. 0.]
[0. 1. 0. 0. 1. 1. 0. 0. 0. 0. 1. 0. 0. 0. 0. 0. 0. 0. 0. 0. 0. 1. 1. 0. 0. 0. 0. 0. 0. 0. 0. 1. 0. 1. 0. 1. 0. 0. 0. 0. 0. 0. 0. 0. 0. 0. 1. 0. 0. 0. 0. 0. 0. 0. 0. 0. 0. 0. 0. 0. 0. 0. 0. 0. 1. 1. 0. 0. 0. 0. 1. 0. 0. 1. 1. 0. 0. 0. 0. 0. 0. 0. 0. 0. 0. 0. 0. 0. 1. 0. 1. 0. 0. 0. 0. 1. 0. 0. 0. 1. 0. 0. 0. 0. 0. 0. 0. 0. 0. 0. 1. 0. 1. 0. 0. 0. 0. 0. 0. 0. 1. 0. 1. 1. 0. 0. 0. 1. 0. 0. 0. 0. 0. 0. 1. 1. 0. 0. 0. 1. 0. 0. 0. 1. 0. 0. 0. 1. 0. 0. 0. 0. 1. 0. 0. 1. 0. 1. 0. 0. 1. 0. 0. 0. 1. 0. 0. 0. 0. 0. 1. 0. 0. 0. 0. 0. 0. 0. 0. 0. 0. 0. 0. 0. 0. 0. 0. 0. 0. 0. 0. 0. 0. 0. 0. 0. 1. 1. 1. 0. 0. 0. 0. 0. 1. 0. 0. 0. 1. 0. 0. 0. 0. 1. 0. 0. 0. 0. 1. 0. 0. 0. 0. 1. 0. 0. 0. 0. 0. 0. 0. 0. 0. 0. 0. 0. 0.]
[0. 1. 0. 0. 0. 0. 0. 0. 0. 0. 0. 0. 0. 0. 0. 1. 0. 0. 0. 0. 0. 0. 0. 0. 0. 0. 0. 0. 0. 0. 0. 0. 0. 0. 0. 0. 0. 0. 0. 0. 1. 0. 0. 0. 0. 0. 0. 0. 0. 1. 0. 0. 0. 0. 0. 0. 0. 0. 0. 0. 0. 1. 0. 1. 0. 0. 0. 0. 1. 0. 0. 0. 0. 0. 1. 0. 0. 0. 0. 0. 1. 1. 0. 0. 0. 0. 0. 0. 0. 0. 0. 0. 0. 0. 1. 0. 1. 0. 1. 1. 1. 0. 0. 0. 0. 0. 0. 0. 0. 0. 0. 0. 0. 0. 0. 0. 0. 0. 0. 0. 0. 0. 0. 0. 0. 0. 0. 0. 0. 0. 0. 0. 0. 0. 0. 0. 0. 0. 0. 0. 0. 0. 0. 0. 1. 0. 1. 0. 0. 0. 1. 0. 0. 1. 1. 0. 0. 0. 0. 0. 0. 0. 0. 0. 0. 1. 0. 0. 0. 0. 0. 0. 1. 0. 0. 0. 0. 0. 0. 1. 0. 0. 1. 1. 0. 0. 0. 0. 0. 0. 0. 0. 0. 0. 0. 1. 0. 0. 0. 0. 1. 0. 0. 1. 0. 0. 0. 0. 0. 0. 0. 0. 0. 0. 0. 1. 0. 0. 0. 0. 0. 0. 0. 0. 0. 0. 0. 0. 0. 0. 0. 0. 0. 1. 0. 0. 0.]
[0. 1. 0. 0. 1. 0. 0. 1. 1. 0. 0. 1. 0. 0. 0. 0. 0. 0. 1. 0. 0. 0. 1. 0. 1. 0. 0. 0. 0. 0. 0. 0. 0. 0. 1. 0. 0. 0. 0. 0. 0. 0. 0. 0. 0. 0. 0. 0. 0. 0. 0. 0. 0. 0. 1. 0. 0. 0. 0. 0. 0. 0. 0. 0. 0. 0. 0. 1. 0. 0. 0. 0. 0. 0. 1. 0. 0. 0. 0. 0. 1. 0. 0. 1. 0. 0. 0. 1. 0. 1. 0. 0. 0. 0. 0. 0. 0. 0. 0. 0. 0. 0. 0. 1. 0. 0. 0. 0. 0. 0. 1. 0. 0. 0. 0. 0. 0. 0. 0. 0. 1. 0. 1. 0. 0. 0. 0. 0. 1. 0. 0. 0. 0. 0. 0. 0. 0. 0. 0. 0. 0. 0. 0. 0. 0. 1. 0. 1. 0. 0. 0. 0. 0. 0. 0. 0. 0. 1. 0. 0. 0. 0. 0. 0. 0. 1. 0. 0. 1. 0. 0. 0. 1. 0. 0. 0. 0. 0. 0. 0. 0. 1. 0. 0. 0. 0. 0. 0. 0. 0. 0. 0. 0. 0. 0. 0. 0. 0. 0. 0. 0. 0. 0. 1. 0. 0. 1. 0. 1. 0. 1. 0. 0. 0. 1. 0. 0. 0. 0. 0. 0. 0. 0. 1. 0. 0. 0. 0. 0. 0. 0. 1. 0. 0. 0. 0. 0.]
[0. 0. 0. 0. 0. 0. 1. 0. 0. 0. 0. 0. 0. 0. 0. 0. 0. 1. 0. 0. 0. 0. 0. 0. 0. 0. 0. 0. 0. 0. 0. 0. 0. 1. 0. 0. 0. 0. 0. 0. 0. 0. 1. 0. 1. 0. 1. 0. 1. 0. 0. 0. 0. 0. 0. 0. 0. 0. 0. 0. 1. 0. 0. 1. 0. 0. 0. 0. 1. 1. 1. 0. 1. 0. 0. 0. 0. 0. 1. 0. 0. 0. 0. 0. 0. 0. 0. 0. 0. 0. 1. 0. 0. 0. 0. 0. 0. 1. 0. 1. 1. 0. 1. 0. 0. 1. 0. 0. 1. 0. 0. 0. 0. 0. 0. 0. 0. 0. 0. 0. 0. 1. 0. 0. 1. 0. 0. 0. 0. 0. 0. 1. 0. 0. 0. 0. 0. 0. 0. 0. 0. 0. 0. 0. 0. 0. 0. 1. 0. 0. 0. 1. 0. 0. 1. 0. 0. 0. 0. 0. 0. 0. 0. 0. 0. 1. 0. 0. 0. 0. 0. 0. 0. 1. 0. 0. 0. 1. 0. 0. 0. 0. 0. 0. 0. 1. 1. 1. 0. 0. 0. 0. 0. 0. 0. 0. 0. 0. 0. 0. 0. 0. 0. 0. 0. 0. 0. 0. 0. 0. 1. 0. 0. 0. 0. 0. 1. 1. 1. 0. 0. 0. 0. 0. 0. 0. 0. 0. 0. 0. 0. 0. 0. 0. 0. 0. 0.]
[0. 0. 0. 0. 0. 0. 1. 0. 1. 0. 0. 0. 0. 0. 1. 1. 0. 0. 0. 0. 0. 0. 0. 1. 0. 0. 1. 1. 0. 0. 0. 0. 0. 0. 0. 0. 0. 0. 0. 0. 1. 1. 0. 0. 0. 0. 1. 0. 0. 0. 0. 0. 0. 0. 0. 0. 0. 0. 0. 0. 0. 0. 0. 0. 0. 0. 0. 0. 0. 0. 0. 0. 0. 1. 0. 0. 0. 0. 0. 0. 0. 1. 1. 0. 1. 0. 0. 1. 0. 0. 0. 0. 0. 0. 0. 1. 0. 0. 0. 0. 0. 0. 0. 0. 0. 0. 0. 0. 0. 0. 1. 0. 0. 0. 0. 0. 0. 0. 1. 0. 0. 0. 1. 0. 0. 0. 1. 0. 1. 0. 0. 0. 0. 0. 0. 0. 0. 1. 1. 0. 0. 0. 1. 0. 0. 0. 0. 1. 0. 0. 0. 0. 1. 0. 0. 0. 0. 0. 1. 0. 0. 0. 0. 0. 0. 0. 0. 0. 0. 0. 0. 0. 0. 0. 0. 0. 0. 0. 0. 0. 0. 0. 1. 0. 0. 0. 0. 0. 0. 0. 0. 0. 0. 0. 1. 0. 0. 0. 0. 0. 0. 0. 1. 0. 0. 0. 0. 0. 0. 0. 0. 1. 1. 0. 1. 0. 0. 0. 0. 0. 0. 0. 0. 0. 0. 0. 1. 0. 0. 0. 0. 0. 0. 0. 0. 0. 0.]
[0. 1. 0. 0. 0. 0. 0. 0. 0. 0. 0. 0. 0. 0. 0. 0. 0. 0. 1. 0. 0. 0. 0. 0. 1. 0. 1. 0. 1. 0. 0. 0. 0. 0. 0. 0. 0. 1. 0. 1. 0. 0. 0. 0. 0. 0. 0. 0. 1. 0. 0. 0. 1. 0. 0. 0. 1. 0. 0. 0. 0. 0. 0. 0. 0. 0. 0. 0. 0. 0. 0. 1. 0. 0. 0. 0. 0. 0. 1. 1. 0. 0. 0. 0. 0. 0. 1. 1. 1. 0. 0. 0. 1. 1. 0. 0. 1. 0. 0. 1. 0. 0. 0. 1. 0. 0. 0. 0. 0. 1. 0. 0. 1. 1. 0. 0. 0. 0. 0. 0. 0. 0. 0. 0. 0. 0. 1. 0. 0. 0. 0. 1. 0. 0. 0. 1. 0. 0. 0. 0. 0. 0. 0. 0. 0. 0. 0. 1. 0. 1. 0. 0. 1. 0. 0. 0. 1. 0. 0. 0. 0. 1. 0. 0. 1. 0. 0. 0. 0. 1. 0. 0. 0. 0. 0. 1. 1. 0. 0. 1. 1. 0. 1. 0. 0. 0. 0. 0. 1. 0. 0. 0. 0. 0. 0. 0. 1. 0. 1. 0. 0. 0. 0. 0. 1. 0. 0. 0. 1. 1. 0. 0. 0. 1. 0. 1. 0. 1. 0. 0. 0. 0. 0. 1. 0. 0. 1. 0. 1. 0. 0. 0. 0. 0. 0. 0. 0.]
[0. 0. 0. 0. 0. 1. 0. 0. 0. 0. 1. 0. 0. 1. 0. 0. 0. 0. 0. 0. 0. 0. 0. 0. 1. 0. 0. 0. 1. 0. 0. 0. 0. 0. 0. 0. 0. 0. 0. 0. 0. 0. 0. 0. 0. 1. 0. 0. 0. 0. 0. 0. 1. 0. 0. 1. 0. 0. 0. 0. 0. 0. 1. 0. 0. 0. 0. 0. 1. 0. 0. 0. 1. 0. 0. 0. 0. 0. 0. 0. 0. 0. 0. 0. 0. 0. 0. 0. 0. 0. 1. 0. 1. 0. 0. 0. 0. 0. 0. 1. 1. 0. 0. 1. 0. 0. 0. 0. 0. 1. 0. 0. 1. 0. 0. 0. 0. 0. 1. 0. 0. 0. 0. 0. 0. 0. 0. 0. 0. 0. 0. 0. 0. 1. 0. 0. 0. 0. 0. 0. 0. 0. 1. 0. 0. 0. 0. 0. 0. 0. 0. 0. 0. 0. 0. 0. 0. 0. 0. 0. 1. 0. 0. 0. 0. 1. 0. 1. 0. 0. 0. 0. 0. 0. 0. 0. 0. 0. 0. 1. 1. 0. 0. 0. 0. 0. 0. 0. 0. 0. 0. 0. 0. 0. 1. 0. 1. 0. 0. 0. 0. 0. 0. 0. 0. 0. 0. 0. 0. 1. 1. 0. 0. 0. 0. 0. 1. 1. 0. 0. 0. 0. 0. 0. 0. 0. 1. 1. 1. 1. 0. 0. 0. 0. 0. 1. 1.]
[0. 0. 0. 0. 1. 0. 0. 0. 0. 0. 0. 0. 0. 0. 1. 0. 0. 0. 0. 0. 0. 0. 0. 0. 1. 1. 0. 0. 0. 0. 0. 1. 1. 0. 1. 1. 0. 0. 0. 0. 0. 0. 0. 0. 0. 0. 0. 0. 0. 0. 0. 0. 0. 0. 0. 0. 0. 1. 0. 0. 0. 0. 0. 0. 0. 0. 0. 1. 0. 0. 0. 1. 1. 0. 1. 0. 0. 0. 0. 0. 0. 1. 0. 0. 0. 0. 0. 0. 1. 1. 0. 0. 1. 0. 0. 0. 0. 0. 0. 1. 0. 0. 1. 0. 0. 0. 0. 0. 0. 0. 0. 1. 1. 0. 0. 0. 0. 0. 0. 0. 0. 0. 0. 0. 0. 0. 0. 1. 0. 0. 0. 0. 0. 0. 0. 0. 0. 0. 0. 0. 0. 1. 0. 1. 1. 1. 1. 0. 0. 0. 0. 0. 1. 0. 0. 0. 0. 0. 1. 0. 1. 0. 0. 0. 0. 0. 1. 0. 0. 0. 0. 0. 1. 1. 0. 0. 0. 0. 0. 1. 1. 0. 0. 0. 0. 0. 0. 0. 1. 0. 1. 0. 1. 0. 0. 0. 0. 0. 0. 0. 0. 0. 0. 0. 1. 0. 0. 0. 0. 1. 1. 0. 0. 0. 0. 0. 0. 0. 0. 0. 0. 0. 0. 1. 0. 0. 0. 0. 1. 0. 0. 0. 1. 1. 0. 1. 0.]
[0. 0. 0. 1. 0. 0. 1. 0. 0. 0. 0. 0. 0. 0. 1. 0. 0. 0. 0. 0. 0. 0. 0. 0. 0. 0. 0. 0. 1. 0. 0. 0. 0. 0. 1. 0. 0. 0. 0. 0. 0. 0. 0. 1. 1. 1. 0. 0. 1. 0. 0. 0. 0. 1. 0. 0. 0. 0. 1. 0. 0. 0. 0. 0. 0. 0. 0. 0. 1. 0. 1. 0. 0. 0. 0. 0. 1. 0. 0. 0. 0. 0. 0. 1. 0. 0. 0. 0. 0. 0. 0. 0. 0. 0. 1. 0. 0. 1. 0. 0. 1. 1. 0. 0. 0. 0. 0. 0. 0. 1. 0. 0. 0. 0. 0. 0. 0. 0. 0. 0. 0. 0. 0. 0. 1. 0. 1. 0. 0. 0. 0. 0. 0. 1. 0. 0. 0. 1. 0. 0. 0. 0. 0. 0. 0. 0. 0. 0. 0. 0. 0. 1. 0. 0. 0. 0. 0. 0. 0. 0. 0. 0. 0. 1. 0. 0. 0. 0. 0. 0. 0. 0. 0. 0. 0. 0. 1. 0. 0. 1. 0. 0. 0. 0. 0. 0. 0. 0. 0. 0. 0. 1. 1. 0. 0. 1. 1. 0. 0. 1. 0. 0. 0. 0. 0. 0. 0. 0. 0. 0. 0. 0. 0. 0. 0. 1. 1. 0. 1. 1. 0. 1. 0. 1. 0. 0. 0. 0. 0. 0. 0. 1. 1. 0. 1. 0. 0.]
[1. 0. 0. 0. 0. 0. 0. 0. 0. 0. 0. 0. 0. 0. 1. 1. 0. 0. 0. 0. 0. 0. 0. 0. 1. 0. 0. 0. 0. 0. 1. 1. 0. 0. 0. 1. 0. 0. 1. 0. 1. 0. 0. 0. 0. 0. 0. 0. 0. 0. 0. 0. 0. 0. 0. 0. 1. 0. 0. 0. 1. 0. 0. 0. 0. 0. 1. 0. 0. 1. 0. 1. 1. 0. 0. 1. 1. 1. 1. 1. 0. 0. 0. 0. 0. 0. 1. 0. 0. 0. 0. 0. 0. 0. 1. 0. 0. 1. 0. 1. 0. 0. 1. 0. 0. 0. 0. 0. 1. 0. 1. 1. 0. 0. 0. 0. 0. 0. 0. 0. 0. 0. 0. 0. 0. 0. 0. 0. 0. 0. 0. 0. 0. 1. 1. 0. 0. 0. 0. 0. 1. 0. 0. 0. 0. 0. 0. 0. 0. 0. 0. 1. 0. 0. 1. 0. 0. 0. 0. 0. 0. 0. 0. 0. 0. 0. 0. 1. 0. 0. 0. 0. 0. 0. 1. 0. 0. 0. 0. 0. 0. 0. 0. 0. 0. 1. 0. 1. 0. 0. 0. 0. 0. 0. 0. 0. 0. 0. 0. 1. 0. 0. 0. 0. 0. 0. 0. 0. 0. 0. 0. 0. 0. 0. 1. 0. 0. 0. 1. 0. 1. 0. 1. 0. 1. 1. 0. 1. 0. 0. 0. 1. 0. 1. 0. 0. 0.]
[0. 1. 0. 0. 0. 0. 0. 0. 0. 0. 1. 0. 0. 0. 0. 1. 0. 1. 0. 0. 0. 0. 0. 0. 0. 0. 0. 0. 1. 0. 0. 0. 0. 0. 0. 0. 1. 0. 1. 0. 1. 1. 0. 0. 0. 0. 1. 0. 0. 0. 0. 1. 0. 0. 1. 0. 0. 0. 0. 1. 0. 0. 1. 0. 0. 0. 1. 0. 0. 0. 0. 0. 0. 1. 0. 0. 1. 0. 1. 0. 0. 0. 0. 0. 0. 0. 0. 0. 0. 0. 0. 0. 0. 0. 0. 0. 0. 0. 0. 0. 0. 0. 1. 0. 0. 1. 1. 0. 0. 0. 0. 0. 0. 0. 0. 0. 0. 0. 0. 0. 0. 0. 0. 1. 0. 0. 0. 1. 1. 1. 0. 0. 1. 0. 0. 0. 0. 0. 0. 1. 0. 0. 0. 0. 0. 0. 0. 0. 0. 0. 0. 0. 0. 1. 1. 0. 0. 0. 0. 0. 0. 1. 0. 0. 0. 1. 0. 0. 0. 0. 0. 0. 0. 0. 1. 0. 0. 1. 1. 0. 0. 0. 0. 0. 1. 0. 0. 0. 0. 0. 0. 0. 0. 1. 0. 1. 0. 1. 0. 0. 0. 0. 0. 0. 0. 0. 0. 0. 0. 0. 0. 0. 0. 0. 0. 0. 0. 0. 0. 0. 0. 0. 0. 0. 0. 0. 0. 0. 0. 0. 1. 0. 0. 0. 1. 0. 0.]
[0. 0. 1. 0. 0. 0. 0. 0. 1. 0. 1. 0. 0. 0. 0. 0. 0. 0. 0. 0. 1. 1. 1. 0. 0. 0. 0. 0. 1. 0. 0. 0. 0. 0. 0. 1. 0. 0. 0. 0. 0. 0. 1. 0. 0. 0. 0. 0. 0. 0. 1. 0. 1. 0. 0. 0. 0. 0. 0. 0. 0. 1. 0. 0. 0. 0. 0. 0. 0. 0. 1. 0. 0. 0. 0. 0. 0. 1. 0. 0. 0. 0. 1. 0. 0. 0. 1. 0. 0. 0. 0. 0. 1. 0. 0. 0. 0. 0. 1. 0. 0. 1. 0. 0. 0. 0. 0. 0. 1. 0. 0. 0. 0. 0. 0. 0. 1. 1. 0. 0. 1. 0. 0. 1. 0. 0. 0. 0. 0. 1. 0. 0. 0. 0. 0. 0. 1. 0. 0. 0. 0. 0. 0. 0. 0. 0. 0. 0. 0. 1. 0. 0. 1. 0. 1. 1. 0. 0. 0. 0. 0. 0. 0. 0. 0. 1. 0. 0. 0. 0. 0. 1. 1. 0. 0. 0. 0. 0. 0. 1. 1. 0. 0. 0. 1. 0. 0. 0. 0. 0. 0. 0. 1. 0. 0. 0. 0. 0. 0. 0. 0. 1. 0. 0. 0. 0. 0. 1. 1. 1. 0. 0. 0. 0. 1. 0. 0. 0. 0. 0. 0. 0. 0. 0. 0. 0. 0. 0. 0. 0. 0. 0. 0. 0. 0. 0. 0.]
[0. 0. 1. 0. 0. 0. 0. 0. 0. 0. 0. 0. 0. 0. 0. 0. 0. 1. 0. 1. 0. 0. 1. 1. 0. 0. 0. 0. 0. 0. 0. 0. 1. 1. 0. 0. 0. 0. 0. 0. 0. 0. 1. 0. 0. 0. 1. 0. 0. 0. 0. 0. 0. 0. 0. 1. 0. 1. 0. 1. 0. 0. 0. 0. 0. 0. 0. 0. 0. 1. 0. 0. 0. 0. 0. 1. 0. 0. 0. 0. 0. 0. 1. 0. 0. 0. 0. 0. 0. 0. 0. 0. 0. 0. 0. 1. 0. 0. 0. 0. 0. 1. 0. 0. 0. 0. 0. 0. 0. 0. 0. 0. 0. 0. 1. 0. 1. 1. 0. 0. 1. 0. 0. 0. 0. 0. 0. 0. 0. 1. 1. 0. 0. 1. 0. 0. 0. 0. 0. 0. 0. 1. 0. 0. 0. 1. 0. 0. 0. 0. 0. 1. 0. 0. 0. 0. 0. 0. 0. 1. 0. 0. 0. 0. 0. 0. 0. 0. 1. 0. 1. 0. 1. 0. 0. 0. 0. 0. 0. 0. 0. 0. 0. 1. 0. 0. 0. 0. 0. 1. 0. 0. 0. 1. 0. 0. 0. 0. 0. 0. 0. 0. 0. 1. 0. 0. 0. 0. 1. 0. 0. 0. 0. 0. 0. 0. 0. 0. 0. 0. 0. 0. 0. 0. 0. 0. 0. 0. 1. 0. 0. 0. 1. 0. 0. 0. 0.]
[0. 0. 0. 0. 1. 0. 0. 0. 0. 0. 1. 0. 0. 0. 0. 0. 0. 0. 0. 0. 0. 0. 0. 1. 0. 0. 1. 0. 0. 0. 0. 0. 1. 0. 0. 0. 0. 0. 0. 0. 0. 0. 0. 0. 0. 1. 0. 0. 0. 0. 0. 0. 0. 0. 0. 0. 0. 0. 1. 0. 1. 0. 1. 0. 0. 0. 0. 0. 1. 0. 1. 0. 0. 0. 0. 0. 0. 0. 1. 1. 1. 1. 0. 0. 0. 0. 0. 0. 0. 0. 0. 0. 0. 0. 1. 1. 0. 1. 0. 0. 0. 1. 0. 0. 1. 0. 1. 0. 0. 0. 0. 0. 0. 1. 1. 0. 0. 0. 0. 1. 0. 0. 0. 0. 0. 0. 0. 0. 0. 0. 0. 1. 1. 0. 0. 0. 0. 0. 0. 0. 0. 0. 0. 0. 0. 0. 0. 1. 0. 0. 0. 0. 1. 0. 0. 0. 0. 0. 0. 0. 0. 0. 0. 0. 0. 0. 0. 0. 0. 0. 0. 1. 0. 0. 0. 0. 0. 0. 0. 0. 1. 1. 0. 1. 0. 0. 0. 0. 0. 1. 0. 1. 0. 1. 0. 0. 0. 0. 1. 0. 0. 0. 0. 0. 0. 0. 1. 0. 0. 0. 1. 0. 0. 0. 0. 0. 0. 1. 0. 0. 0. 0. 0. 0. 0. 1. 0. 0. 1. 0. 1. 0. 0. 0. 1. 1. 0.]
[1. 0. 0. 0. 0. 0. 0. 0. 0. 0. 0. 0. 0. 0. 0. 0. 0. 1. 0. 0. 1. 0. 0. 0. 0. 0. 0. 0. 0. 0. 0. 0. 0. 0. 0. 0. 0. 0. 0. 0. 0. 0. 0. 0. 0. 1. 0. 0. 1. 0. 0. 0. 0. 0. 0. 0. 0. 1. 0. 0. 0. 1. 1. 0. 0. 0. 0. 0. 0. 0. 0. 0. 0. 0. 0. 0. 0. 0. 0. 0. 1. 0. 0. 0. 0. 1. 0. 0. 0. 1. 0. 0. 0. 0. 0. 0. 0. 0. 0. 0. 0. 0. 0. 0. 0. 0. 0. 0. 0. 1. 0. 0. 0. 0. 0. 0. 0. 0. 0. 0. 0. 0. 0. 0. 0. 0. 1. 1. 0. 1. 0. 0. 1. 1. 0. 0. 0. 0. 0. 0. 0. 0. 0. 0. 0. 0. 0. 0. 0. 0. 0. 0. 1. 0. 0. 1. 0. 0. 0. 0. 0. 0. 0. 0. 1. 0. 0. 0. 0. 0. 0. 0. 0. 0. 0. 0. 0. 0. 0. 0. 0. 0. 0. 0. 0. 0. 0. 0. 0. 1. 1. 1. 0. 0. 0. 0. 0. 0. 0. 0. 0. 0. 0. 0. 0. 0. 0. 0. 0. 0. 1. 0. 1. 0. 0. 0. 0. 1. 0. 0. 0. 1. 0. 0. 0. 0. 0. 0. 0. 0. 0. 1. 0. 1. 0. 0. 0.]
[0. 0. 0. 0. 1. 0. 0. 1. 0. 0. 0. 0. 0. 0. 0. 0. 1. 0. 0. 0. 1. 0. 0. 0. 0. 0. 0. 0. 0. 0. 1. 1. 1. 0. 1. 0. 0. 0. 0. 0. 1. 0. 0. 0. 0. 0. 0. 0. 0. 0. 0. 0. 0. 0. 0. 0. 0. 0. 1. 0. 0. 0. 0. 0. 0. 0. 1. 0. 1. 1. 0. 0. 0. 0. 0. 0. 0. 0. 0. 0. 0. 0. 0. 0. 0. 0. 0. 0. 0. 0. 0. 0. 0. 1. 1. 1. 0. 0. 0. 0. 0. 0. 0. 0. 0. 1. 0. 0. 0. 0. 0. 0. 0. 0. 0. 1. 0. 0. 0. 0. 0. 0. 0. 1. 0. 0. 0. 0. 1. 1. 0. 1. 1. 1. 0. 1. 0. 0. 1. 0. 0. 0. 0. 0. 0. 1. 1. 0. 1. 1. 0. 1. 0. 0. 0. 0. 1. 1. 0. 0. 0. 1. 0. 0. 0. 0. 1. 0. 0. 0. 0. 0. 0. 0. 0. 0. 0. 0. 0. 0. 0. 0. 0. 0. 0. 1. 0. 1. 0. 0. 0. 0. 1. 1. 0. 0. 0. 0. 0. 0. 0. 0. 0. 0. 0. 0. 0. 0. 0. 0. 1. 0. 0. 0. 1. 0. 0. 0. 0. 0. 0. 1. 0. 0. 0. 0. 0. 0. 0. 0. 0. 0. 0. 0. 1. 0. 0.]
[0. 1. 0. 0. 0. 0. 0. 0. 0. 0. 0. 0. 1. 0. 0. 1. 0. 1. 1. 0. 0. 0. 0. 0. 0. 0. 0. 0. 0. 0. 0. 0. 0. 0. 0. 0. 0. 0. 0. 0. 0. 0. 0. 0. 0. 1. 0. 1. 0. 0. 1. 0. 0. 1. 0. 0. 0. 0. 0. 0. 1. 0. 0. 0. 1. 0. 0. 0. 0. 1. 0. 0. 0. 0. 0. 0. 0. 0. 0. 0. 0. 0. 0. 0. 0. 0. 0. 0. 0. 0. 0. 0. 0. 0. 0. 0. 0. 1. 0. 0. 0. 0. 0. 1. 0. 0. 0. 0. 0. 1. 0. 0. 0. 0. 0. 0. 0. 0. 1. 1. 0. 0. 0. 0. 0. 1. 1. 1. 0. 0. 0. 0. 0. 0. 0. 0. 0. 0. 0. 1. 0. 0. 0. 1. 0. 0. 0. 0. 0. 0. 1. 0. 0. 1. 0. 1. 0. 0. 0. 0. 0. 0. 0. 0. 0. 0. 0. 0. 1. 0. 0. 0. 0. 0. 0. 0. 1. 1. 0. 0. 0. 1. 0. 0. 0. 0. 0. 1. 0. 1. 0. 1. 0. 0. 0. 0. 0. 0. 0. 1. 0. 0. 0. 0. 0. 0. 0. 0. 0. 0. 1. 0. 0. 0. 0. 1. 0. 0. 0. 0. 0. 0. 0. 0. 0. 0. 0. 0. 0. 0. 1. 0. 0. 0. 0. 0. 0.]
[0. 0. 0. 0. 0. 0. 0. 1. 0. 0. 1. 0. 0. 0. 0. 0. 1. 0. 0. 0. 0. 0. 0. 1. 0. 0. 1. 0. 1. 0. 0. 0. 0. 0. 0. 0. 0. 0. 0. 1. 0. 1. 0. 0. 0. 0. 0. 0. 0. 0. 0. 0. 0. 0. 0. 0. 0. 0. 0. 1. 0. 1. 0. 0. 0. 0. 0. 0. 0. 1. 0. 0. 0. 0. 0. 0. 0. 1. 0. 1. 0. 0. 0. 0. 0. 0. 0. 0. 0. 1. 0. 0. 1. 1. 1. 0. 0. 0. 0. 0. 0. 0. 0. 1. 0. 0. 0. 0. 0. 0. 1. 0. 0. 1. 0. 0. 0. 0. 1. 0. 1. 0. 0. 0. 1. 0. 0. 0. 0. 0. 0. 0. 0. 0. 0. 0. 1. 0. 0. 0. 0. 0. 0. 0. 0. 0. 1. 0. 0. 0. 0. 0. 0. 0. 1. 0. 0. 0. 1. 0. 0. 0. 0. 1. 0. 0. 0. 0. 0. 0. 0. 0. 0. 1. 0. 0. 0. 1. 0. 0. 1. 0. 0. 0. 0. 0. 0. 0. 0. 0. 0. 0. 0. 1. 0. 0. 1. 0. 0. 0. 1. 0. 0. 0. 0. 0. 0. 0. 0. 1. 0. 1. 0. 1. 0. 0. 0. 0. 0. 1. 1. 0. 0. 1. 0. 0. 0. 0. 0. 0. 0. 0. 0. 0. 0. 0. 0.]
[1. 0. 0. 0. 0. 0. 0. 0. 0. 0. 0. 0. 1. 0. 1. 0. 0. 0. 0. 0. 0. 0. 0. 0. 0. 0. 0. 0. 0. 0. 1. 0. 1. 0. 0. 0. 0. 0. 0. 1. 1. 0. 0. 0. 0. 0. 0. 0. 0. 0. 0. 0. 1. 0. 0. 0. 0. 0. 0. 0. 0. 0. 0. 0. 0. 0. 1. 0. 0. 0. 0. 0. 1. 0. 0. 0. 0. 0. 0. 0. 1. 0. 0. 0. 0. 0. 0. 0. 1. 0. 0. 0. 0. 0. 0. 0. 0. 0. 0. 1. 1. 0. 0. 0. 1. 1. 0. 0. 0. 1. 0. 0. 0. 0. 0. 0. 0. 1. 0. 0. 0. 0. 1. 0. 0. 0. 1. 0. 0. 0. 0. 1. 1. 0. 1. 1. 1. 0. 1. 0. 0. 0. 0. 0. 0. 1. 1. 0. 1. 0. 0. 0. 1. 0. 0. 0. 0. 0. 0. 0. 0. 0. 0. 0. 1. 0. 0. 1. 0. 0. 0. 0. 0. 1. 0. 0. 0. 0. 0. 0. 0. 0. 0. 0. 0. 0. 0. 0. 0. 0. 0. 1. 0. 0. 0. 0. 0. 0. 0. 1. 1. 1. 1. 0. 0. 0. 0. 0. 0. 0. 0. 0. 0. 0. 0. 1. 0. 0. 0. 0. 0. 0. 0. 0. 0. 0. 1. 1. 0. 0. 0. 0. 1. 0. 0. 0. 0.]
[0. 0. 0. 0. 0. 0. 0. 0. 0. 0. 0. 0. 1. 0. 1. 0. 0. 0. 1. 0. 0. 0. 0. 0. 0. 0. 0. 0. 0. 0. 0. 0. 0. 0. 1. 0. 0. 0. 0. 0. 0. 0. 0. 0. 0. 0. 0. 0. 0. 0. 0. 0. 0. 0. 0. 0. 1. 0. 0. 0. 0. 0. 0. 0. 0. 0. 0. 1. 0. 0. 0. 0. 0. 0. 0. 0. 0. 0. 1. 0. 0. 1. 0. 0. 0. 0. 1. 0. 0. 0. 0. 0. 0. 0. 0. 0. 0. 1. 1. 0. 1. 0. 0. 0. 0. 0. 0. 0. 0. 0. 1. 1. 1. 0. 0. 0. 0. 0. 0. 0. 0. 0. 0. 0. 0. 0. 0. 0. 0. 0. 0. 0. 0. 0. 0. 0. 0. 0. 0. 0. 0. 0. 0. 1. 0. 1. 0. 1. 1. 1. 0. 0. 0. 1. 0. 0. 0. 0. 0. 0. 0. 0. 0. 0. 0. 1. 0. 1. 0. 0. 1. 0. 0. 0. 0. 0. 0. 0. 1. 0. 0. 0. 0. 0. 0. 0. 0. 1. 0. 0. 0. 0. 0. 0. 0. 0. 0. 0. 0. 0. 0. 0. 1. 0. 0. 0. 0. 0. 1. 0. 0. 0. 0. 0. 0. 1. 1. 0. 0. 0. 0. 0. 0. 0. 0. 0. 1. 0. 0. 0. 0. 0. 0. 0. 0. 0. 0.]
[1. 0. 0. 0. 0. 0. 0. 1. 0. 0. 0. 1. 1. 1. 1. 0. 0. 0. 1. 0. 0. 0. 1. 0. 0. 0. 0. 0. 0. 0. 0. 0. 0. 0. 0. 0. 0. 1. 0. 0. 0. 0. 1. 0. 0. 0. 0. 0. 1. 0. 0. 1. 0. 0. 0. 0. 0. 0. 0. 0. 0. 0. 0. 0. 0. 0. 0. 0. 0. 0. 0. 0. 0. 0. 0. 0. 0. 0. 0. 1. 0. 0. 0. 0. 1. 1. 1. 0. 0. 0. 1. 0. 0. 1. 0. 0. 0. 0. 0. 0. 0. 0. 0. 1. 0. 0. 0. 0. 0. 0. 0. 0. 0. 0. 0. 0. 0. 0. 0. 0. 0. 0. 0. 0. 0. 0. 1. 0. 0. 0. 0. 1. 0. 0. 0. 0. 0. 0. 0. 0. 0. 0. 0. 1. 0. 0. 0. 1. 0. 0. 0. 0. 0. 0. 0. 0. 1. 0. 0. 0. 0. 0. 1. 0. 0. 1. 1. 0. 1. 0. 1. 0. 0. 0. 0. 1. 0. 0. 0. 0. 1. 1. 0. 0. 0. 0. 0. 0. 1. 0. 1. 1. 0. 0. 1. 0. 0. 0. 0. 0. 0. 0. 0. 0. 0. 0. 0. 0. 0. 0. 0. 1. 0. 0. 0. 1. 0. 0. 0. 0. 0. 0. 1. 1. 0. 0. 0. 1. 0. 1. 0. 0. 0. 0. 0. 0. 0.]
[0. 0. 0. 0. 1. 0. 1. 0. 0. 0. 1. 0. 1. 0. 1. 0. 0. 0. 0. 0. 0. 0. 0. 0. 0. 0. 0. 0. 0. 0. 0. 0. 0. 0. 1. 0. 0. 0. 0. 0. 0. 0. 0. 0. 0. 0. 0. 0. 1. 0. 0. 1. 0. 0. 0. 0. 0. 0. 1. 0. 0. 0. 0. 0. 1. 1. 0. 0. 0. 0. 0. 0. 0. 0. 0. 0. 0. 0. 0. 0. 0. 0. 1. 0. 0. 0. 1. 1. 0. 0. 0. 0. 0. 1. 0. 0. 0. 1. 1. 0. 0. 0. 1. 0. 0. 0. 0. 1. 0. 0. 1. 0. 0. 0. 0. 0. 0. 0. 1. 0. 1. 0. 0. 1. 0. 0. 1. 1. 0. 0. 0. 1. 0. 0. 0. 1. 0. 0. 0. 0. 0. 0. 0. 0. 0. 0. 0. 0. 0. 1. 0. 1. 0. 0. 0. 0. 1. 0. 0. 0. 0. 0. 0. 0. 1. 0. 0. 0. 0. 0. 0. 0. 0. 1. 0. 1. 0. 0. 0. 0. 0. 0. 0. 0. 0. 0. 0. 0. 1. 0. 0. 0. 1. 1. 0. 0. 0. 0. 0. 0. 0. 0. 0. 0. 0. 0. 1. 0. 1. 1. 0. 0. 0. 0. 0. 0. 0. 0. 0. 0. 1. 1. 0. 0. 0. 0. 1. 0. 0. 0. 0. 0. 0. 0. 0. 0. 1.]
[1. 0. 0. 0. 0. 0. 0. 0. 0. 0. 0. 0. 0. 0. 1. 0. 0. 0. 0. 0. 0. 1. 0. 0. 0. 0. 0. 0. 0. 0. 0. 1. 1. 1. 0. 0. 0. 1. 1. 0. 0. 0. 0. 0. 0. 0. 0. 0. 0. 1. 0. 0. 0. 0. 0. 1. 0. 0. 0. 0. 0. 0. 0. 1. 0. 0. 0. 0. 0. 1. 1. 0. 0. 0. 0. 0. 0. 1. 0. 0. 0. 0. 0. 0. 0. 0. 0. 0. 0. 0. 0. 0. 0. 0. 0. 0. 0. 0. 0. 0. 1. 0. 0. 1. 0. 0. 0. 0. 1. 0. 0. 0. 0. 0. 0. 0. 0. 0. 0. 0. 1. 0. 0. 0. 0. 1. 1. 0. 0. 1. 0. 1. 0. 0. 0. 0. 0. 0. 1. 0. 0. 1. 0. 0. 0. 1. 0. 0. 1. 1. 0. 0. 0. 0. 0. 0. 0. 0. 0. 0. 0. 0. 0. 0. 0. 1. 0. 0. 0. 0. 0. 1. 0. 0. 0. 0. 0. 1. 0. 0. 0. 0. 0. 1. 0. 0. 0. 0. 0. 0. 0. 1. 0. 0. 0. 0. 0. 0. 1. 0. 0. 0. 0. 0. 1. 0. 0. 0. 0. 0. 0. 0. 0. 0. 0. 1. 0. 0. 0. 0. 0. 0. 1. 0. 0. 0. 0. 0. 0. 1. 1. 0. 0. 1. 0. 0. 0.]
[1. 0. 0. 0. 0. 0. 0. 1. 0. 0. 0. 0. 1. 0. 0. 0. 0. 1. 0. 0. 0. 0. 0. 0. 0. 0. 0. 1. 1. 1. 0. 0. 0. 1. 1. 0. 0. 0. 0. 0. 0. 1. 1. 0. 0. 0. 0. 0. 0. 0. 0. 0. 0. 1. 0. 0. 0. 0. 0. 0. 0. 1. 0. 0. 0. 0. 0. 1. 1. 0. 0. 0. 0. 1. 1. 0. 0. 1. 0. 0. 0. 1. 0. 0. 0. 0. 0. 0. 1. 0. 0. 1. 0. 0. 0. 1. 0. 0. 0. 0. 0. 0. 0. 0. 0. 0. 0. 0. 0. 0. 0. 0. 0. 0. 1. 0. 0. 0. 0. 1. 0. 0. 0. 0. 0. 0. 0. 0. 1. 0. 0. 0. 0. 1. 0. 0. 0. 0. 0. 1. 0. 0. 0. 0. 1. 0. 0. 0. 0. 0. 0. 1. 0. 0. 0. 1. 0. 0. 0. 0. 0. 0. 0. 0. 0. 0. 0. 0. 0. 0. 0. 0. 0. 0. 0. 1. 0. 0. 0. 0. 0. 0. 0. 1. 0. 0. 0. 0. 0. 1. 0. 0. 0. 0. 0. 0. 0. 0. 1. 1. 0. 0. 0. 0. 1. 0. 0. 1. 0. 1. 0. 0. 0. 0. 0. 0. 1. 1. 0. 0. 0. 0. 0. 0. 0. 0. 0. 0. 0. 0. 1. 1. 0. 0. 0. 0. 0.]
[0. 0. 1. 0. 0. 0. 0. 0. 0. 1. 0. 0. 0. 0. 0. 0. 0. 0. 0. 0. 0. 0. 0. 0. 0. 0. 0. 0. 0. 0. 0. 0. 0. 0. 0. 0. 1. 0. 0. 1. 1. 0. 0. 0. 0. 1. 0. 0. 0. 0. 0. 0. 0. 1. 0. 0. 0. 0. 0. 0. 0. 0. 0. 0. 0. 0. 0. 0. 0. 0. 0. 1. 0. 0. 1. 0. 0. 0. 1. 0. 0. 0. 0. 0. 1. 0. 1. 0. 0. 0. 0. 0. 1. 0. 0. 1. 0. 0. 0. 0. 0. 0. 0. 0. 0. 0. 1. 0. 0. 0. 0. 0. 0. 0. 0. 0. 0. 0. 0. 0. 0. 0. 0. 0. 0. 0. 0. 1. 0. 0. 0. 0. 0. 0. 0. 1. 0. 0. 0. 0. 0. 1. 0. 0. 0. 0. 0. 0. 0. 0. 0. 0. 1. 0. 0. 1. 0. 1. 0. 0. 1. 0. 0. 0. 0. 0. 0. 0. 0. 1. 0. 1. 1. 0. 0. 0. 0. 0. 0. 0. 0. 1. 0. 0. 0. 0. 0. 0. 0. 1. 0. 0. 1. 1. 0. 0. 1. 0. 0. 0. 0. 0. 0. 0. 0. 1. 0. 0. 1. 0. 0. 1. 1. 0. 0. 0. 0. 0. 0. 0. 0. 0. 0. 0. 0. 0. 0. 1. 0. 0. 0. 1. 0. 1. 1. 1. 0.]
[0. 0. 0. 0. 0. 0. 0. 1. 0. 0. 0. 0. 0. 0. 0. 1. 0. 0. 0. 0. 0. 0. 0. 0. 0. 0. 0. 0. 0. 0. 0. 0. 1. 1. 0. 0. 1. 0. 0. 1. 1. 0. 0. 0. 0. 1. 0. 0. 0. 0. 0. 0. 0. 0. 0. 0. 0. 0. 1. 0. 1. 0. 0. 0. 0. 0. 0. 1. 0. 0. 0. 0. 0. 1. 0. 0. 0. 0. 0. 0. 0. 0. 0. 0. 0. 0. 0. 0. 0. 0. 0. 1. 1. 1. 1. 0. 0. 0. 0. 0. 0. 1. 1. 0. 0. 0. 0. 0. 0. 0. 0. 0. 0. 0. 0. 0. 0. 0. 0. 1. 0. 0. 0. 0. 0. 0. 0. 1. 1. 0. 0. 0. 0. 0. 0. 1. 0. 0. 0. 0. 0. 0. 1. 0. 0. 0. 0. 1. 0. 0. 0. 0. 0. 0. 0. 0. 0. 0. 0. 1. 1. 1. 0. 0. 0. 0. 0. 0. 0. 0. 0. 0. 0. 0. 0. 0. 0. 0. 0. 0. 0. 0. 0. 0. 0. 0. 0. 0. 1. 0. 0. 0. 0. 0. 0. 0. 0. 0. 0. 0. 0. 0. 0. 0. 0. 0. 1. 0. 0. 0. 0. 0. 0. 0. 0. 1. 0. 1. 0. 0. 0. 1. 0. 0. 0. 0. 0. 0. 0. 0. 0. 0. 0. 0. 0. 0. 0.]
[1. 0. 0. 1. 0. 1. 0. 0. 0. 0. 1. 0. 0. 0. 0. 0. 1. 1. 0. 0. 0. 1. 0. 1. 0. 1. 0. 0. 1. 0. 0. 1. 1. 0. 0. 0. 0. 0. 0. 0. 0. 1. 0. 0. 0. 0. 0. 0. 0. 0. 0. 0. 1. 0. 0. 1. 0. 0. 0. 0. 1. 0. 0. 0. 0. 0. 0. 0. 1. 1. 0. 0. 0. 1. 0. 0. 1. 0. 0. 1. 0. 1. 1. 0. 0. 1. 0. 0. 0. 1. 0. 1. 0. 0. 0. 0. 0. 0. 0. 0. 0. 0. 0. 0. 0. 0. 0. 0. 0. 0. 0. 0. 0. 1. 0. 0. 0. 0. 0. 0. 0. 0. 0. 0. 0. 0. 0. 0. 0. 0. 1. 0. 0. 0. 0. 0. 0. 0. 0. 0. 0. 0. 0. 0. 0. 0. 0. 1. 0. 0. 0. 0. 0. 1. 0. 0. 0. 0. 0. 0. 0. 1. 0. 0. 0. 0. 0. 0. 0. 1. 0. 0. 0. 1. 0. 0. 1. 0. 0. 0. 0. 0. 0. 0. 0. 0. 0. 1. 0. 0. 0. 0. 0. 0. 0. 0. 0. 1. 0. 0. 0. 0. 0. 0. 0. 0. 0. 0. 0. 0. 0. 0. 0. 0. 0. 0. 0. 0. 0. 0. 0. 0. 0. 0. 0. 0. 0. 1. 0. 0. 0. 0. 0. 0. 0. 0. 0.]
[0. 0. 0. 1. 1. 0. 0. 0. 0. 0. 0. 0. 0. 0. 0. 1. 0. 0. 0. 0. 0. 1. 0. 0. 0. 0. 0. 0. 0. 0. 1. 0. 1. 0. 0. 0. 0. 0. 0. 0. 0. 0. 0. 0. 0. 0. 0. 0. 0. 0. 0. 0. 0. 0. 0. 0. 0. 0. 0. 0. 0. 0. 0. 0. 0. 1. 0. 1. 0. 0. 1. 0. 0. 0. 0. 0. 1. 0. 1. 0. 0. 0. 1. 1. 0. 0. 0. 0. 1. 0. 0. 0. 0. 0. 0. 0. 0. 0. 0. 0. 0. 0. 0. 0. 0. 0. 0. 0. 0. 0. 0. 0. 1. 0. 0. 0. 0. 0. 0. 0. 0. 0. 0. 0. 0. 0. 0. 0. 1. 0. 0. 0. 0. 0. 0. 0. 0. 1. 0. 0. 0. 1. 0. 0. 0. 0. 0. 0. 0. 0. 0. 1. 1. 0. 0. 0. 0. 1. 0. 1. 0. 0. 0. 0. 0. 0. 0. 0. 0. 0. 0. 0. 0. 0. 0. 0. 0. 0. 0. 1. 0. 1. 0. 0. 0. 0. 0. 0. 0. 0. 1. 0. 0. 0. 0. 1. 0. 0. 1. 0. 0. 0. 0. 0. 0. 0. 1. 1. 0. 0. 0. 0. 0. 0. 1. 1. 0. 1. 0. 1. 0. 0. 0. 0. 0. 0. 0. 0. 0. 1. 0. 0. 0. 0. 0. 1. 0.]
[1. 1. 0. 0. 0. 0. 0. 1. 0. 0. 0. 0. 0. 0. 0. 1. 0. 1. 0. 0. 0. 0. 0. 0. 0. 0. 0. 0. 1. 0. 0. 0. 0. 0. 0. 0. 1. 0. 0. 0. 0. 0. 1. 0. 0. 0. 1. 0. 0. 0. 0. 0. 0. 0. 1. 0. 0. 0. 0. 1. 1. 0. 1. 1. 1. 0. 0. 0. 0. 1. 0. 1. 1. 0. 0. 0. 1. 0. 0. 0. 0. 0. 0. 1. 1. 0. 0. 0. 0. 0. 0. 1. 1. 0. 0. 0. 1. 0. 0. 0. 0. 0. 0. 0. 0. 0. 0. 0. 0. 0. 1. 0. 0. 0. 0. 0. 0. 0. 0. 0. 0. 0. 1. 1. 0. 0. 0. 1. 0. 1. 0. 1. 0. 0. 0. 0. 0. 0. 0. 0. 0. 0. 0. 0. 0. 0. 0. 0. 1. 1. 0. 0. 0. 0. 0. 0. 1. 0. 0. 0. 0. 0. 0. 0. 0. 0. 0. 0. 0. 0. 0. 1. 0. 0. 1. 0. 1. 0. 0. 0. 0. 1. 0. 0. 1. 0. 0. 0. 0. 0. 0. 0. 0. 0. 0. 1. 0. 1. 1. 0. 0. 0. 0. 0. 0. 0. 0. 0. 0. 0. 0. 1. 0. 0. 0. 0. 0. 0. 1. 0. 0. 0. 0. 0. 0. 0. 0. 0. 0. 0. 0. 0. 0. 0. 0. 0. 0.]
[0. 0. 0. 0. 0. 0. 1. 0. 0. 0. 0. 0. 0. 0. 0. 0. 0. 1. 0. 0. 1. 0. 0. 1. 0. 0. 0. 1. 0. 0. 0. 0. 0. 0. 1. 0. 0. 0. 0. 0. 0. 1. 0. 0. 1. 0. 0. 0. 0. 0. 1. 1. 0. 0. 0. 0. 0. 0. 0. 0. 0. 1. 0. 0. 1. 0. 0. 0. 0. 0. 0. 0. 1. 0. 0. 1. 0. 0. 0. 0. 0. 0. 0. 0. 0. 0. 0. 0. 0. 0. 0. 0. 0. 0. 0. 0. 0. 0. 1. 0. 0. 0. 0. 0. 0. 0. 0. 0. 0. 0. 1. 0. 0. 0. 0. 1. 0. 0. 1. 0. 0. 0. 0. 0. 0. 0. 0. 0. 1. 0. 0. 1. 0. 0. 0. 0. 0. 0. 0. 1. 0. 1. 0. 0. 0. 0. 0. 0. 0. 0. 0. 0. 0. 0. 1. 0. 1. 0. 0. 0. 0. 0. 0. 0. 0. 0. 0. 1. 0. 0. 1. 0. 0. 0. 0. 0. 0. 0. 0. 0. 0. 0. 0. 0. 1. 0. 1. 1. 0. 0. 0. 0. 0. 1. 0. 1. 0. 1. 1. 0. 0. 0. 0. 1. 0. 0. 0. 0. 0. 0. 0. 1. 0. 0. 0. 0. 0. 0. 0. 0. 0. 0. 0. 0. 0. 0. 0. 0. 0. 0. 0. 0. 0. 0. 0. 0. 0.]
[0. 0. 0. 0. 0. 0. 1. 1. 0. 0. 0. 1. 0. 0. 0. 0. 0. 0. 0. 0. 0. 0. 1. 0. 0. 0. 0. 0. 0. 0. 0. 0. 0. 0. 0. 0. 0. 0. 0. 0. 0. 0. 0. 0. 0. 0. 0. 0. 0. 0. 0. 1. 1. 1. 0. 0. 0. 0. 0. 0. 0. 1. 0. 0. 0. 0. 0. 0. 0. 1. 1. 0. 0. 0. 0. 1. 0. 0. 0. 1. 0. 0. 0. 0. 0. 0. 0. 0. 0. 0. 0. 0. 0. 0. 0. 0. 0. 0. 0. 0. 0. 0. 0. 0. 1. 0. 1. 0. 1. 0. 0. 0. 0. 0. 0. 0. 0. 0. 0. 0. 0. 0. 0. 0. 0. 0. 0. 0. 0. 0. 0. 0. 0. 1. 0. 0. 0. 0. 0. 0. 0. 1. 0. 0. 0. 1. 0. 0. 0. 0. 1. 1. 0. 0. 0. 0. 0. 0. 0. 0. 0. 0. 0. 0. 1. 0. 0. 1. 1. 0. 0. 0. 0. 0. 0. 0. 0. 1. 1. 1. 0. 0. 0. 0. 0. 0. 0. 0. 0. 1. 0. 0. 0. 0. 0. 0. 0. 0. 0. 0. 0. 0. 0. 0. 0. 0. 0. 1. 0. 0. 1. 0. 0. 0. 0. 0. 0. 0. 0. 1. 0. 0. 0. 0. 0. 0. 1. 0. 0. 0. 0. 0. 0. 0. 1. 0. 0.]
[0. 0. 0. 0. 0. 1. 0. 0. 0. 0. 0. 0. 0. 1. 0. 0. 0. 0. 0. 0. 1. 0. 0. 0. 0. 0. 1. 0. 0. 0. 1. 0. 0. 0. 0. 1. 0. 0. 0. 0. 0. 0. 0. 0. 1. 0. 0. 0. 1. 0. 0. 0. 0. 0. 0. 0. 0. 0. 0. 0. 0. 1. 0. 0. 0. 0. 0. 0. 0. 0. 0. 0. 0. 0. 0. 0. 0. 0. 1. 0. 0. 0. 0. 0. 0. 0. 0. 0. 0. 0. 0. 0. 0. 1. 0. 0. 0. 0. 0. 0. 1. 0. 0. 1. 0. 1. 0. 0. 0. 0. 1. 1. 1. 0. 0. 0. 1. 0. 0. 1. 0. 1. 0. 0. 0. 0. 0. 0. 0. 0. 0. 0. 0. 0. 0. 0. 0. 0. 0. 0. 0. 0. 0. 0. 1. 0. 0. 0. 1. 1. 0. 0. 0. 0. 0. 0. 1. 1. 1. 0. 0. 1. 1. 0. 0. 0. 0. 1. 0. 1. 1. 0. 0. 0. 1. 1. 0. 0. 0. 0. 1. 0. 0. 0. 0. 0. 1. 0. 0. 0. 0. 0. 0. 0. 0. 0. 0. 0. 0. 0. 1. 0. 0. 0. 0. 0. 0. 0. 1. 1. 1. 0. 0. 0. 0. 0. 0. 0. 0. 1. 0. 0. 0. 0. 0. 0. 1. 1. 0. 0. 0. 0. 0. 0. 0. 0. 0.]
[0. 0. 0. 0. 0. 0. 0. 0. 0. 0. 0. 0. 0. 0. 0. 1. 0. 0. 0. 1. 0. 1. 1. 0. 0. 0. 1. 0. 0. 0. 0. 0. 0. 0. 0. 0. 1. 1. 0. 0. 0. 0. 1. 0. 0. 0. 1. 0. 1. 1. 1. 0. 1. 0. 0. 0. 0. 1. 0. 0. 0. 0. 0. 1. 0. 0. 1. 0. 0. 1. 1. 0. 0. 0. 0. 0. 0. 0. 1. 0. 0. 0. 0. 0. 0. 0. 1. 0. 1. 0. 0. 0. 0. 1. 1. 0. 0. 1. 0. 0. 0. 0. 0. 0. 0. 1. 0. 0. 0. 1. 0. 0. 1. 0. 0. 0. 0. 0. 0. 1. 0. 0. 0. 0. 1. 0. 1. 0. 0. 0. 0. 0. 0. 0. 0. 0. 0. 0. 0. 0. 0. 0. 0. 0. 0. 0. 0. 0. 0. 0. 1. 0. 0. 0. 0. 0. 0. 0. 0. 0. 0. 0. 0. 1. 1. 1. 0. 1. 0. 0. 0. 1. 0. 0. 0. 0. 0. 0. 0. 0. 1. 0. 1. 0. 1. 0. 0. 0. 0. 0. 0. 0. 0. 0. 0. 0. 0. 0. 0. 0. 0. 0. 1. 0. 0. 1. 1. 0. 0. 0. 0. 0. 1. 0. 1. 0. 0. 0. 0. 1. 0. 1. 0. 0. 0. 0. 0. 0. 0. 0. 0. 0. 0. 0. 0. 0. 0.]
[0. 0. 0. 0. 0. 0. 1. 0. 0. 0. 0. 0. 0. 0. 0. 0. 0. 0. 0. 0. 0. 0. 1. 0. 0. 0. 0. 1. 0. 0. 0. 0. 1. 0. 0. 0. 0. 0. 0. 1. 0. 0. 0. 0. 0. 0. 0. 0. 0. 0. 1. 0. 0. 0. 0. 0. 0. 0. 0. 0. 0. 0. 0. 0. 0. 0. 1. 1. 1. 0. 0. 0. 0. 0. 1. 0. 1. 1. 0. 1. 0. 0. 0. 0. 0. 0. 0. 0. 0. 0. 0. 0. 1. 0. 0. 0. 0. 0. 0. 0. 0. 0. 0. 0. 1. 0. 0. 0. 0. 0. 0. 1. 0. 1. 0. 0. 0. 0. 1. 1. 0. 0. 0. 0. 0. 0. 0. 0. 0. 1. 1. 0. 0. 1. 1. 0. 0. 0. 0. 0. 0. 0. 0. 0. 0. 0. 1. 0. 0. 0. 0. 0. 0. 0. 0. 0. 0. 1. 0. 0. 0. 0. 1. 0. 0. 0. 0. 1. 0. 1. 0. 0. 0. 0. 0. 0. 0. 0. 0. 0. 0. 0. 0. 0. 0. 1. 0. 0. 0. 0. 0. 0. 0. 0. 0. 1. 0. 0. 0. 0. 1. 0. 0. 0. 0. 0. 0. 0. 0. 0. 0. 0. 0. 1. 0. 0. 0. 0. 0. 0. 0. 0. 0. 1. 0. 0. 0. 0. 0. 1. 0. 0. 0. 1. 1. 0. 0.]
[0. 0. 0. 0. 0. 1. 0. 0. 1. 1. 0. 0. 0. 0. 0. 0. 0. 1. 1. 0. 0. 0. 0. 0. 0. 0. 0. 0. 0. 1. 0. 0. 0. 1. 0. 0. 1. 0. 1. 0. 1. 0. 0. 0. 0. 0. 0. 1. 0. 1. 0. 0. 0. 1. 0. 0. 0. 0. 0. 0. 0. 0. 0. 0. 0. 1. 0. 0. 1. 0. 0. 1. 0. 0. 0. 0. 0. 1. 1. 0. 0. 0. 0. 0. 0. 1. 0. 0. 1. 0. 0. 0. 0. 0. 0. 0. 0. 1. 0. 0. 1. 0. 0. 0. 0. 0. 0. 0. 0. 0. 0. 0. 0. 1. 1. 0. 1. 1. 1. 0. 1. 0. 0. 0. 0. 0. 0. 0. 1. 0. 1. 0. 0. 1. 0. 0. 0. 0. 0. 0. 0. 1. 1. 0. 0. 1. 0. 0. 0. 0. 0. 0. 0. 0. 0. 0. 0. 0. 0. 0. 1. 0. 0. 0. 1. 0. 0. 1. 0. 0. 0. 0. 0. 1. 0. 0. 0. 0. 0. 0. 0. 1. 0. 0. 0. 1. 0. 0. 1. 0. 0. 0. 0. 0. 0. 0. 1. 0. 0. 0. 0. 1. 0. 0. 0. 0. 0. 0. 1. 0. 0. 0. 0. 1. 0. 0. 0. 0. 0. 0. 0. 1. 0. 0. 0. 0. 0. 0. 1. 1. 0. 1. 0. 1. 0. 1. 0.]
[0. 0. 0. 0. 0. 0. 1. 0. 0. 0. 1. 0. 0. 0. 0. 1. 0. 0. 0. 0. 0. 0. 1. 0. 1. 0. 0. 0. 0. 0. 0. 0. 0. 0. 0. 0. 1. 0. 0. 0. 0. 1. 0. 0. 0. 0. 1. 0. 0. 0. 1. 0. 0. 1. 0. 0. 1. 0. 0. 0. 0. 0. 0. 0. 0. 1. 0. 0. 0. 0. 1. 0. 0. 0. 0. 0. 0. 0. 1. 0. 0. 0. 0. 1. 0. 0. 0. 1. 0. 0. 0. 0. 0. 0. 0. 0. 0. 0. 0. 0. 0. 0. 0. 0. 0. 0. 1. 0. 0. 0. 0. 0. 0. 0. 0. 0. 1. 0. 0. 1. 0. 1. 0. 0. 0. 0. 0. 0. 0. 0. 0. 0. 0. 0. 1. 0. 1. 0. 0. 0. 0. 0. 0. 1. 0. 0. 0. 0. 0. 0. 0. 0. 0. 1. 0. 0. 0. 0. 1. 0. 0. 0. 0. 0. 0. 0. 0. 1. 0. 0. 0. 0. 0. 0. 0. 0. 0. 1. 0. 0. 0. 0. 0. 0. 0. 0. 0. 0. 0. 0. 0. 0. 1. 0. 0. 0. 0. 0. 1. 0. 0. 1. 0. 0. 0. 1. 0. 0. 0. 1. 0. 0. 0. 0. 0. 0. 0. 0. 0. 1. 0. 0. 1. 1. 0. 0. 1. 0. 0. 0. 1. 0. 0. 1. 0. 1. 0.]
[0. 0. 1. 0. 0. 1. 0. 0. 0. 1. 0. 0. 0. 0. 0. 0. 0. 0. 0. 0. 0. 1. 0. 0. 0. 0. 0. 0. 0. 0. 0. 0. 0. 0. 0. 1. 0. 0. 0. 1. 0. 0. 0. 0. 0. 1. 0. 0. 1. 0. 0. 0. 0. 0. 0. 0. 0. 1. 0. 0. 0. 0. 0. 0. 0. 0. 0. 0. 0. 0. 0. 0. 0. 0. 1. 0. 0. 0. 0. 0. 0. 0. 1. 0. 0. 0. 0. 0. 0. 0. 0. 1. 1. 0. 0. 0. 0. 0. 0. 1. 0. 0. 0. 0. 0. 0. 0. 0. 1. 0. 0. 1. 0. 0. 0. 0. 0. 0. 0. 0. 0. 0. 0. 0. 1. 1. 0. 0. 0. 0. 0. 0. 0. 0. 0. 0. 0. 0. 0. 0. 0. 0. 0. 0. 0. 0. 0. 0. 0. 0. 1. 0. 0. 1. 0. 0. 0. 0. 1. 0. 0. 1. 0. 0. 0. 0. 0. 0. 0. 0. 0. 0. 0. 0. 0. 0. 1. 0. 0. 0. 0. 0. 0. 0. 0. 0. 1. 0. 0. 0. 1. 0. 0. 0. 0. 0. 0. 1. 1. 0. 0. 1. 0. 0. 0. 0. 0. 0. 0. 0. 0. 0. 0. 0. 0. 0. 0. 0. 0. 0. 1. 0. 0. 0. 0. 1. 0. 0. 0. 0. 0. 0. 0. 1. 0. 0. 1.]
[1. 0. 0. 0. 1. 0. 0. 0. 1. 0. 0. 1. 1. 0. 0. 0. 1. 0. 0. 0. 0. 0. 0. 0. 0. 0. 0. 0. 0. 1. 0. 0. 0. 0. 0. 0. 0. 0. 0. 0. 0. 0. 0. 1. 0. 0. 0. 0. 0. 0. 0. 0. 0. 0. 0. 0. 1. 0. 0. 0. 0. 0. 1. 0. 0. 0. 1. 0. 0. 0. 0. 0. 0. 1. 0. 0. 0. 1. 0. 1. 1. 0. 0. 0. 0. 0. 0. 0. 0. 1. 0. 0. 0. 0. 0. 0. 0. 0. 0. 0. 0. 0. 0. 0. 0. 0. 0. 0. 0. 0. 0. 0. 0. 0. 0. 0. 0. 0. 1. 0. 0. 0. 0. 0. 0. 0. 0. 0. 0. 0. 0. 0. 0. 0. 1. 0. 0. 0. 0. 0. 0. 0. 0. 1. 0. 0. 1. 0. 1. 0. 0. 1. 0. 0. 1. 0. 0. 0. 0. 0. 0. 0. 0. 0. 0. 0. 0. 0. 0. 0. 1. 0. 0. 0. 1. 0. 0. 0. 0. 0. 0. 0. 0. 0. 1. 0. 0. 0. 0. 0. 0. 0. 0. 1. 0. 0. 0. 1. 0. 1. 1. 0. 0. 0. 0. 0. 1. 0. 0. 0. 0. 1. 0. 0. 0. 0. 0. 0. 0. 0. 1. 0. 0. 0. 0. 0. 1. 0. 0. 1. 0. 0. 0. 0. 0. 0. 0.]
[0. 1. 0. 0. 0. 0. 0. 0. 1. 0. 0. 0. 0. 0. 0. 1. 0. 1. 0. 0. 0. 0. 0. 0. 0. 0. 0. 1. 0. 0. 0. 0. 0. 0. 0. 0. 0. 0. 0. 0. 0. 1. 0. 1. 0. 0. 0. 0. 0. 0. 0. 0. 1. 0. 0. 0. 0. 0. 0. 1. 0. 0. 0. 1. 0. 0. 0. 0. 1. 0. 0. 0. 1. 0. 1. 0. 0. 0. 1. 0. 0. 0. 0. 0. 0. 0. 0. 0. 0. 0. 0. 0. 0. 0. 0. 0. 0. 0. 0. 0. 1. 0. 1. 0. 0. 0. 1. 0. 0. 0. 0. 0. 1. 0. 1. 0. 0. 1. 0. 1. 0. 0. 0. 0. 0. 1. 0. 0. 0. 0. 0. 0. 0. 0. 0. 0. 0. 0. 0. 1. 0. 0. 0. 1. 0. 0. 1. 0. 0. 1. 0. 0. 1. 0. 0. 0. 0. 0. 0. 0. 0. 0. 0. 0. 0. 1. 0. 0. 0. 0. 0. 0. 0. 1. 0. 1. 0. 0. 0. 0. 0. 0. 0. 0. 0. 0. 1. 0. 0. 1. 0. 0. 1. 0. 0. 0. 0. 1. 0. 0. 0. 0. 0. 0. 0. 0. 0. 0. 0. 1. 0. 0. 0. 0. 0. 0. 0. 0. 1. 0. 0. 0. 0. 0. 0. 0. 0. 0. 0. 0. 0. 0. 0. 0. 0. 0. 0.]
[0. 1. 1. 1. 0. 0. 0. 0. 0. 0. 0. 0. 0. 0. 0. 0. 0. 0. 0. 1. 0. 0. 1. 0. 0. 0. 0. 0. 0. 0. 1. 0. 0. 0. 0. 0. 0. 0. 0. 0. 0. 0. 0. 1. 0. 0. 0. 1. 0. 0. 0. 1. 0. 1. 0. 0. 1. 0. 1. 1. 1. 1. 0. 0. 0. 1. 0. 0. 0. 0. 1. 0. 1. 0. 0. 0. 0. 0. 0. 0. 0. 0. 0. 0. 0. 0. 0. 0. 0. 0. 0. 0. 1. 0. 0. 0. 0. 0. 0. 0. 0. 0. 0. 1. 1. 0. 0. 0. 0. 1. 1. 0. 1. 0. 0. 0. 0. 1. 1. 0. 1. 0. 0. 0. 0. 0. 0. 0. 1. 0. 1. 0. 1. 0. 0. 1. 0. 0. 0. 0. 0. 1. 0. 0. 1. 1. 0. 0. 0. 0. 0. 0. 0. 0. 0. 0. 0. 0. 0. 0. 1. 0. 0. 0. 0. 1. 1. 0. 0. 1. 0. 0. 0. 0. 0. 0. 0. 1. 0. 0. 0. 0. 0. 0. 0. 1. 0. 1. 0. 0. 0. 1. 1. 0. 1. 1. 0. 0. 0. 0. 0. 0. 0. 0. 0. 0. 0. 0. 0. 0. 0. 0. 0. 0. 1. 0. 0. 1. 0. 0. 0. 0. 0. 0. 0. 0. 0. 0. 1. 0. 0. 0. 0. 1. 0. 0. 0.]
[0. 0. 0. 0. 1. 0. 1. 0. 1. 0. 0. 1. 0. 0. 0. 0. 0. 0. 0. 0. 0. 0. 0. 0. 0. 1. 0. 1. 0. 0. 0. 0. 0. 0. 0. 0. 0. 0. 0. 1. 0. 0. 0. 0. 0. 0. 0. 0. 1. 0. 0. 1. 0. 0. 0. 1. 0. 0. 0. 0. 1. 0. 0. 0. 0. 0. 1. 0. 0. 1. 0. 0. 0. 0. 0. 1. 0. 0. 0. 1. 1. 0. 0. 0. 0. 0. 0. 1. 0. 0. 0. 0. 1. 1. 0. 0. 0. 0. 0. 0. 0. 0. 0. 1. 1. 0. 0. 1. 0. 1. 1. 0. 0. 0. 0. 0. 0. 0. 0. 0. 0. 0. 0. 0. 1. 0. 0. 1. 0. 0. 0. 1. 0. 0. 0. 0. 0. 0. 0. 0. 0. 0. 0. 0. 0. 0. 1. 0. 0. 0. 0. 0. 0. 0. 0. 0. 0. 0. 0. 0. 0. 0. 0. 0. 0. 0. 0. 0. 0. 0. 1. 0. 0. 0. 0. 0. 0. 0. 0. 0. 0. 0. 0. 0. 0. 0. 0. 0. 0. 0. 0. 1. 0. 0. 0. 1. 0. 0. 0. 0. 0. 0. 0. 0. 0. 0. 0. 0. 0. 1. 0. 0. 1. 0. 0. 0. 0. 0. 0. 0. 0. 0. 0. 0. 0. 1. 0. 0. 0. 1. 0. 1. 0. 0. 0. 0. 1.]
[0. 0. 1. 0. 0. 1. 0. 1. 0. 0. 0. 0. 1. 0. 0. 0. 0. 0. 0. 0. 0. 1. 0. 0. 0. 0. 0. 0. 1. 0. 0. 0. 0. 0. 0. 0. 0. 0. 0. 0. 0. 0. 0. 0. 0. 0. 0. 0. 0. 0. 1. 0. 0. 0. 1. 0. 0. 1. 0. 0. 0. 0. 0. 0. 0. 0. 0. 1. 0. 0. 0. 0. 1. 0. 0. 1. 1. 0. 0. 1. 1. 0. 1. 0. 0. 0. 0. 0. 0. 0. 0. 0. 0. 0. 0. 1. 0. 0. 0. 0. 0. 0. 1. 0. 0. 1. 0. 0. 0. 0. 0. 1. 0. 0. 0. 0. 0. 0. 1. 0. 0. 0. 0. 0. 0. 0. 0. 0. 1. 1. 0. 0. 0. 0. 0. 0. 0. 1. 0. 0. 0. 0. 0. 1. 0. 0. 0. 1. 0. 0. 0. 0. 0. 0. 0. 0. 0. 1. 0. 0. 1. 0. 0. 0. 0. 0. 1. 0. 0. 0. 1. 0. 0. 0. 0. 0. 0. 0. 0. 0. 0. 0. 0. 0. 0. 0. 0. 0. 0. 0. 0. 0. 0. 0. 0. 1. 0. 0. 0. 0. 1. 0. 0. 0. 1. 0. 0. 0. 0. 0. 0. 0. 0. 0. 0. 0. 0. 0. 0. 0. 0. 0. 0. 0. 0. 1. 1. 0. 1. 1. 0. 0. 0. 0. 0. 0. 0.]
[1. 0. 0. 0. 1. 0. 0. 0. 0. 0. 0. 0. 0. 0. 0. 0. 0. 0. 0. 0. 0. 0. 0. 0. 0. 0. 1. 0. 0. 0. 0. 0. 0. 0. 0. 0. 0. 1. 0. 0. 0. 1. 0. 0. 0. 0. 0. 0. 0. 0. 1. 0. 0. 0. 0. 0. 0. 0. 0. 1. 1. 1. 0. 0. 0. 0. 0. 0. 0. 1. 0. 0. 0. 0. 1. 0. 0. 0. 0. 0. 0. 0. 0. 0. 0. 0. 0. 0. 0. 0. 0. 1. 0. 0. 0. 0. 0. 0. 0. 0. 0. 0. 0. 0. 0. 0. 1. 0. 0. 0. 0. 0. 0. 0. 0. 0. 1. 0. 0. 0. 0. 1. 0. 0. 1. 0. 0. 0. 0. 0. 1. 1. 0. 0. 0. 1. 0. 0. 0. 0. 0. 0. 0. 0. 0. 0. 0. 1. 1. 0. 0. 1. 0. 0. 0. 1. 0. 0. 0. 0. 0. 0. 0. 0. 0. 0. 1. 0. 1. 0. 0. 0. 1. 0. 0. 0. 1. 0. 1. 1. 1. 0. 0. 0. 0. 0. 0. 0. 0. 0. 0. 0. 0. 0. 0. 0. 0. 1. 0. 1. 0. 0. 1. 1. 0. 1. 0. 0. 0. 0. 0. 0. 0. 0. 1. 0. 0. 0. 0. 1. 1. 0. 0. 0. 0. 0. 0. 0. 0. 0. 1. 1. 0. 0. 0. 0. 0.]
[0. 0. 1. 0. 0. 0. 0. 0. 0. 1. 0. 0. 0. 0. 0. 0. 0. 0. 0. 0. 0. 0. 0. 1. 0. 0. 1. 0. 1. 0. 0. 0. 0. 0. 0. 0. 0. 0. 0. 0. 0. 0. 0. 0. 0. 0. 0. 0. 0. 1. 0. 0. 0. 0. 0. 0. 1. 0. 0. 1. 0. 1. 0. 0. 0. 0. 0. 0. 0. 0. 1. 1. 0. 0. 0. 0. 0. 0. 0. 0. 1. 0. 0. 0. 0. 0. 1. 0. 0. 0. 0. 0. 1. 0. 1. 0. 0. 0. 0. 0. 0. 0. 1. 0. 0. 0. 0. 1. 0. 0. 0. 1. 0. 0. 1. 0. 0. 0. 0. 0. 0. 0. 0. 0. 1. 1. 0. 0. 0. 0. 0. 0. 0. 0. 0. 0. 0. 0. 0. 0. 0. 1. 0. 1. 0. 0. 0. 0. 0. 0. 0. 0. 0. 1. 0. 0. 0. 0. 1. 0. 1. 0. 0. 1. 0. 0. 0. 0. 0. 0. 0. 0. 0. 0. 0. 0. 0. 0. 0. 0. 0. 0. 0. 0. 0. 0. 0. 0. 0. 0. 0. 0. 0. 0. 0. 1. 0. 1. 0. 0. 1. 1. 0. 0. 0. 0. 0. 0. 0. 0. 0. 0. 0. 0. 0. 0. 1. 0. 0. 0. 0. 1. 0. 0. 0. 0. 0. 0. 0. 0. 0. 0. 1. 0. 0. 0. 0.]
[0. 0. 0. 0. 1. 1. 1. 0. 0. 0. 0. 0. 0. 0. 0. 0. 0. 0. 0. 1. 0. 1. 0. 0. 0. 0. 0. 0. 1. 1. 0. 1. 0. 0. 1. 0. 0. 0. 0. 0. 0. 0. 0. 0. 0. 1. 0. 1. 0. 0. 0. 1. 0. 0. 1. 0. 0. 1. 0. 0. 0. 0. 1. 0. 1. 0. 0. 0. 0. 0. 0. 0. 0. 0. 0. 0. 0. 1. 0. 1. 0. 0. 0. 0. 0. 0. 0. 1. 0. 0. 0. 0. 1. 0. 0. 0. 0. 0. 0. 0. 0. 0. 1. 0. 0. 0. 0. 0. 1. 0. 0. 0. 0. 0. 1. 0. 0. 0. 0. 0. 1. 0. 0. 0. 0. 0. 0. 0. 0. 1. 0. 1. 1. 0. 0. 1. 0. 1. 0. 0. 0. 1. 0. 0. 0. 0. 1. 0. 0. 0. 0. 0. 0. 0. 0. 0. 0. 0. 0. 0. 0. 1. 1. 1. 0. 0. 0. 0. 0. 1. 0. 0. 0. 0. 0. 1. 0. 0. 1. 0. 0. 1. 0. 0. 1. 0. 0. 0. 0. 0. 0. 0. 0. 1. 1. 0. 1. 0. 0. 0. 0. 0. 0. 0. 0. 0. 1. 0. 0. 0. 0. 0. 1. 0. 0. 0. 0. 0. 1. 0. 0. 0. 0. 0. 0. 0. 0. 0. 0. 0. 1. 0. 0. 1. 0. 0. 0.]
[0. 0. 0. 0. 0. 0. 0. 0. 0. 0. 0. 0. 0. 1. 0. 0. 0. 0. 0. 0. 0. 1. 0. 0. 0. 1. 0. 0. 0. 0. 0. 0. 0. 1. 0. 1. 0. 0. 1. 0. 0. 0. 0. 1. 0. 0. 1. 0. 1. 0. 0. 0. 1. 0. 0. 0. 0. 0. 0. 0. 0. 0. 0. 0. 0. 0. 1. 0. 0. 0. 0. 0. 0. 1. 0. 1. 0. 0. 0. 0. 0. 0. 1. 0. 0. 0. 0. 0. 1. 0. 0. 0. 1. 0. 0. 0. 0. 0. 1. 0. 0. 0. 0. 0. 0. 1. 0. 1. 0. 0. 0. 0. 0. 0. 0. 0. 0. 1. 0. 1. 0. 0. 0. 0. 0. 0. 0. 0. 0. 0. 0. 0. 1. 1. 0. 0. 0. 0. 0. 0. 0. 0. 1. 0. 0. 0. 0. 0. 0. 1. 0. 0. 0. 0. 1. 0. 0. 0. 0. 1. 0. 0. 1. 0. 0. 0. 0. 0. 0. 0. 0. 0. 0. 0. 0. 0. 0. 0. 0. 1. 1. 0. 0. 0. 0. 1. 0. 0. 1. 0. 0. 0. 0. 0. 0. 0. 0. 0. 0. 0. 0. 0. 1. 0. 0. 0. 0. 0. 0. 0. 0. 1. 0. 0. 0. 0. 0. 0. 0. 0. 0. 0. 0. 0. 0. 0. 0. 0. 0. 0. 0. 0. 0. 0. 0. 0. 0.]
[0. 0. 0. 0. 1. 0. 0. 0. 0. 0. 0. 0. 0. 1. 1. 0. 1. 0. 0. 0. 0. 0. 0. 0. 0. 0. 1. 0. 1. 0. 0. 0. 1. 1. 0. 0. 0. 0. 0. 0. 0. 0. 0. 0. 0. 0. 0. 0. 0. 1. 1. 1. 1. 1. 0. 0. 0. 0. 1. 0. 0. 1. 0. 0. 0. 0. 1. 1. 0. 1. 0. 0. 1. 0. 0. 1. 0. 0. 0. 0. 0. 0. 0. 0. 0. 0. 0. 0. 0. 0. 0. 1. 0. 0. 0. 0. 0. 0. 0. 0. 0. 0. 0. 0. 0. 0. 0. 0. 0. 0. 1. 1. 0. 0. 0. 1. 0. 0. 1. 0. 0. 0. 0. 0. 0. 0. 0. 0. 0. 0. 0. 0. 0. 0. 1. 0. 0. 0. 0. 0. 1. 0. 0. 0. 0. 0. 1. 0. 1. 0. 0. 0. 0. 0. 0. 0. 1. 0. 0. 0. 0. 0. 0. 1. 0. 0. 0. 1. 0. 0. 0. 0. 1. 1. 0. 1. 1. 0. 0. 0. 0. 0. 0. 1. 0. 0. 0. 0. 0. 0. 0. 0. 1. 0. 1. 1. 0. 0. 0. 0. 0. 0. 0. 1. 0. 0. 0. 0. 0. 0. 1. 0. 0. 0. 1. 1. 0. 0. 0. 0. 0. 1. 0. 0. 0. 0. 0. 0. 1. 0. 0. 0. 1. 0. 0. 1. 0.]
[0. 0. 0. 0. 0. 0. 0. 0. 0. 0. 0. 0. 0. 0. 0. 0. 1. 0. 0. 0. 0. 1. 0. 0. 1. 0. 1. 0. 0. 0. 0. 0. 1. 1. 0. 0. 0. 1. 0. 0. 0. 0. 0. 0. 0. 0. 0. 1. 0. 1. 0. 0. 0. 0. 0. 0. 0. 0. 1. 0. 0. 1. 0. 0. 0. 0. 0. 1. 0. 1. 0. 0. 0. 0. 0. 0. 0. 0. 1. 1. 0. 1. 0. 0. 0. 0. 0. 0. 0. 0. 0. 1. 1. 0. 0. 1. 0. 0. 0. 0. 1. 0. 0. 0. 1. 0. 0. 0. 0. 0. 0. 0. 0. 1. 0. 0. 0. 0. 0. 0. 1. 0. 0. 0. 1. 1. 0. 1. 0. 0. 0. 1. 0. 0. 0. 0. 0. 0. 0. 0. 0. 0. 0. 0. 0. 0. 0. 0. 0. 0. 0. 0. 0. 0. 0. 0. 0. 0. 0. 0. 0. 1. 0. 0. 0. 0. 1. 1. 0. 0. 0. 0. 0. 1. 0. 0. 0. 0. 1. 0. 0. 1. 0. 0. 0. 0. 0. 0. 0. 1. 0. 0. 0. 0. 1. 1. 0. 1. 0. 0. 0. 0. 0. 0. 1. 0. 0. 0. 0. 0. 0. 0. 1. 0. 0. 0. 0. 1. 0. 0. 0. 0. 0. 0. 0. 0. 0. 0. 1. 0. 0. 0. 0. 1. 0. 0. 0.]
[0. 0. 0. 0. 0. 0. 0. 1. 0. 0. 0. 0. 0. 0. 0. 0. 0. 0. 0. 0. 0. 0. 0. 0. 0. 1. 0. 0. 0. 0. 0. 0. 0. 0. 0. 1. 0. 1. 0. 0. 0. 0. 0. 0. 0. 1. 0. 0. 0. 0. 0. 0. 0. 0. 0. 1. 0. 0. 0. 0. 1. 0. 0. 1. 0. 0. 0. 0. 0. 0. 0. 0. 0. 0. 0. 0. 0. 0. 1. 0. 0. 0. 0. 0. 1. 0. 0. 0. 0. 0. 0. 0. 1. 0. 0. 0. 0. 1. 0. 1. 1. 0. 0. 0. 0. 0. 0. 0. 0. 0. 0. 0. 0. 1. 0. 0. 0. 1. 0. 0. 0. 0. 0. 0. 0. 1. 0. 0. 0. 1. 0. 0. 0. 0. 0. 0. 0. 0. 0. 1. 0. 0. 0. 0. 0. 0. 0. 0. 0. 0. 0. 0. 0. 1. 0. 0. 0. 0. 0. 1. 0. 0. 0. 0. 0. 1. 0. 0. 0. 0. 0. 1. 0. 0. 0. 0. 0. 0. 0. 0. 1. 0. 0. 0. 0. 0. 0. 1. 0. 0. 0. 0. 0. 0. 1. 0. 0. 0. 0. 1. 0. 0. 0. 0. 0. 1. 0. 1. 0. 0. 0. 0. 0. 0. 0. 0. 0. 0. 1. 0. 0. 0. 0. 0. 0. 0. 0. 0. 0. 0. 1. 1. 0. 0. 0. 0. 1.]
[0. 0. 0. 0. 1. 1. 0. 0. 0. 0. 1. 0. 1. 1. 0. 0. 0. 0. 0. 0. 0. 1. 0. 0. 0. 1. 0. 1. 0. 0. 0. 0. 0. 0. 1. 1. 0. 0. 0. 0. 0. 0. 0. 0. 0. 0. 0. 0. 0. 0. 0. 0. 0. 1. 0. 0. 0. 1. 0. 0. 1. 0. 0. 0. 0. 0. 0. 1. 0. 1. 0. 0. 0. 0. 1. 0. 1. 0. 0. 0. 0. 0. 0. 0. 0. 0. 0. 0. 0. 0. 0. 0. 1. 0. 0. 0. 0. 0. 0. 0. 0. 0. 0. 0. 1. 0. 0. 0. 0. 0. 0. 0. 0. 1. 0. 0. 1. 0. 0. 1. 0. 0. 0. 1. 0. 1. 0. 1. 0. 0. 0. 0. 0. 0. 0. 1. 0. 1. 1. 1. 0. 0. 0. 1. 1. 1. 0. 0. 0. 0. 1. 0. 0. 0. 0. 1. 0. 0. 0. 0. 0. 0. 0. 1. 0. 0. 0. 1. 0. 0. 1. 0. 0. 0. 0. 0. 0. 0. 0. 0. 0. 0. 0. 0. 0. 1. 0. 0. 0. 0. 0. 1. 0. 0. 0. 0. 0. 0. 0. 0. 0. 1. 0. 1. 0. 0. 0. 0. 0. 1. 0. 1. 0. 1. 0. 0. 1. 1. 0. 0. 0. 0. 1. 0. 1. 0. 0. 0. 0. 1. 0. 0. 0. 0. 1. 0. 1.]
[0. 0. 1. 0. 0. 0. 0. 0. 0. 1. 0. 0. 0. 0. 0. 0. 1. 0. 0. 0. 0. 0. 1. 0. 0. 0. 0. 0. 1. 0. 0. 1. 0. 0. 0. 0. 0. 0. 0. 0. 1. 0. 0. 0. 0. 0. 1. 0. 0. 0. 0. 0. 0. 0. 0. 0. 0. 0. 0. 0. 1. 0. 0. 0. 0. 0. 1. 0. 0. 0. 0. 0. 0. 0. 1. 0. 1. 0. 1. 1. 0. 0. 0. 0. 0. 0. 0. 0. 0. 0. 1. 0. 1. 1. 0. 0. 0. 0. 1. 0. 0. 0. 0. 0. 1. 1. 0. 0. 0. 0. 0. 0. 0. 0. 0. 0. 1. 0. 0. 0. 0. 0. 1. 0. 0. 0. 0. 0. 0. 0. 0. 0. 0. 0. 0. 0. 0. 1. 0. 0. 0. 0. 0. 0. 0. 1. 0. 0. 0. 0. 0. 0. 0. 0. 0. 0. 0. 0. 0. 0. 0. 0. 0. 1. 0. 0. 0. 0. 0. 0. 0. 0. 0. 0. 0. 1. 0. 0. 0. 0. 0. 0. 0. 1. 0. 0. 0. 0. 0. 0. 1. 0. 0. 0. 0. 0. 1. 0. 0. 0. 0. 0. 0. 0. 0. 0. 0. 0. 1. 1. 1. 0. 0. 0. 0. 0. 1. 0. 0. 0. 0. 0. 0. 0. 1. 0. 0. 1. 0. 1. 0. 0. 0. 0. 0. 0. 0.]
[0. 1. 1. 0. 0. 0. 1. 1. 0. 0. 0. 0. 0. 1. 0. 0. 0. 0. 1. 0. 0. 0. 0. 0. 0. 0. 0. 0. 0. 0. 0. 0. 1. 0. 0. 0. 1. 0. 0. 1. 1. 1. 1. 0. 0. 0. 0. 0. 0. 0. 0. 0. 0. 0. 0. 0. 0. 0. 0. 0. 0. 0. 0. 0. 0. 0. 0. 0. 0. 0. 1. 1. 0. 0. 0. 0. 0. 0. 0. 1. 1. 0. 0. 0. 1. 0. 0. 0. 0. 1. 1. 0. 0. 0. 1. 0. 0. 0. 0. 0. 0. 1. 0. 0. 0. 0. 1. 0. 0. 0. 0. 0. 0. 1. 0. 1. 0. 0. 1. 0. 0. 0. 1. 0. 0. 0. 0. 1. 0. 0. 0. 1. 0. 0. 0. 0. 0. 1. 0. 0. 0. 0. 0. 0. 0. 1. 0. 0. 0. 1. 0. 0. 1. 1. 0. 0. 0. 0. 0. 1. 0. 0. 0. 0. 0. 0. 0. 0. 0. 0. 0. 0. 1. 1. 1. 0. 0. 0. 0. 0. 1. 0. 0. 0. 0. 0. 0. 0. 0. 0. 0. 0. 0. 1. 1. 0. 1. 1. 0. 0. 0. 0. 0. 0. 0. 1. 0. 0. 0. 0. 0. 0. 0. 0. 0. 0. 0. 0. 0. 0. 0. 0. 0. 0. 0. 0. 0. 0. 0. 0. 0. 1. 0. 0. 0. 0. 0.]
[0. 0. 0. 0. 0. 0. 0. 1. 0. 0. 0. 1. 0. 0. 0. 0. 0. 0. 0. 0. 0. 1. 0. 0. 0. 0. 0. 0. 0. 0. 0. 0. 1. 1. 0. 0. 0. 0. 0. 0. 1. 0. 0. 0. 0. 0. 0. 0. 0. 0. 1. 1. 0. 1. 0. 1. 0. 0. 0. 1. 0. 0. 1. 0. 0. 0. 0. 0. 0. 1. 0. 0. 0. 0. 0. 0. 0. 1. 0. 0. 0. 0. 0. 0. 0. 0. 0. 0. 0. 0. 0. 0. 0. 0. 1. 0. 0. 0. 0. 0. 0. 0. 0. 1. 1. 1. 0. 0. 0. 0. 0. 0. 0. 0. 0. 0. 0. 0. 0. 0. 0. 0. 0. 1. 0. 0. 0. 0. 0. 0. 0. 1. 0. 0. 0. 0. 0. 0. 0. 0. 1. 0. 0. 0. 0. 0. 0. 0. 0. 0. 0. 0. 0. 1. 0. 0. 0. 0. 0. 0. 0. 0. 0. 0. 0. 0. 0. 0. 0. 0. 0. 1. 0. 0. 0. 0. 0. 0. 0. 1. 0. 0. 0. 0. 0. 0. 1. 1. 0. 0. 0. 0. 0. 0. 0. 1. 0. 0. 0. 0. 0. 0. 1. 0. 0. 0. 0. 0. 0. 0. 1. 0. 1. 0. 1. 0. 1. 0. 1. 1. 0. 0. 0. 1. 0. 0. 1. 0. 0. 0. 0. 0. 0. 0. 0. 0. 0.]
[0. 1. 0. 0. 0. 0. 0. 1. 0. 0. 0. 0. 0. 1. 0. 1. 1. 0. 0. 0. 0. 0. 1. 0. 1. 0. 0. 1. 0. 0. 1. 0. 1. 0. 0. 0. 0. 0. 0. 0. 0. 0. 0. 0. 0. 0. 0. 0. 0. 1. 0. 1. 0. 0. 0. 1. 0. 1. 0. 1. 0. 1. 0. 0. 0. 0. 1. 0. 0. 0. 0. 1. 0. 0. 0. 0. 0. 0. 0. 1. 1. 0. 0. 0. 0. 1. 0. 0. 0. 0. 0. 0. 0. 0. 1. 0. 0. 0. 0. 0. 0. 0. 0. 0. 0. 1. 0. 0. 1. 0. 0. 1. 0. 0. 0. 0. 0. 1. 1. 0. 0. 1. 0. 1. 0. 0. 0. 0. 0. 1. 0. 0. 0. 0. 0. 0. 0. 0. 0. 0. 0. 0. 0. 0. 1. 0. 0. 0. 0. 0. 0. 0. 0. 0. 1. 0. 0. 0. 1. 0. 0. 0. 0. 0. 1. 0. 1. 1. 0. 0. 1. 0. 0. 1. 1. 0. 0. 0. 0. 0. 0. 0. 0. 1. 0. 0. 0. 0. 0. 0. 0. 0. 0. 0. 0. 0. 0. 0. 0. 0. 0. 0. 0. 1. 0. 0. 0. 0. 0. 0. 0. 0. 0. 1. 0. 0. 0. 0. 0. 0. 0. 0. 0. 0. 0. 0. 1. 1. 0. 1. 0. 0. 0. 1. 0. 0. 0.]
[0. 1. 1. 0. 0. 0. 0. 0. 0. 1. 1. 0. 1. 1. 0. 1. 0. 0. 0. 0. 0. 1. 0. 0. 0. 0. 1. 0. 0. 1. 0. 0. 0. 0. 0. 0. 0. 0. 0. 0. 0. 1. 0. 0. 0. 0. 0. 0. 0. 1. 0. 1. 0. 1. 0. 0. 0. 0. 0. 0. 0. 0. 0. 0. 0. 0. 1. 0. 0. 0. 1. 0. 0. 0. 0. 0. 0. 0. 0. 0. 0. 0. 0. 0. 0. 0. 0. 0. 0. 0. 0. 0. 0. 0. 1. 0. 0. 0. 0. 0. 0. 0. 1. 0. 0. 0. 0. 0. 0. 0. 1. 0. 1. 0. 0. 0. 0. 0. 0. 1. 1. 0. 1. 0. 1. 1. 0. 0. 0. 0. 0. 0. 0. 1. 0. 0. 0. 0. 0. 0. 0. 0. 0. 0. 0. 0. 1. 0. 0. 0. 0. 0. 0. 1. 0. 0. 0. 0. 0. 0. 0. 0. 1. 0. 0. 0. 1. 0. 0. 0. 0. 0. 0. 0. 0. 0. 1. 0. 1. 0. 0. 1. 0. 0. 0. 0. 0. 0. 0. 0. 0. 0. 1. 0. 0. 0. 0. 0. 0. 0. 0. 0. 0. 0. 1. 0. 1. 0. 1. 0. 0. 0. 1. 0. 0. 0. 0. 0. 0. 0. 0. 0. 1. 0. 0. 0. 0. 0. 0. 0. 1. 1. 0. 0. 0. 1. 0.]
[0. 1. 0. 0. 0. 0. 0. 1. 0. 1. 0. 1. 0. 0. 0. 1. 0. 0. 1. 0. 0. 0. 0. 1. 0. 0. 0. 0. 0. 1. 1. 0. 1. 0. 1. 1. 0. 0. 0. 0. 0. 0. 0. 0. 0. 0. 1. 0. 0. 0. 0. 0. 0. 0. 0. 1. 0. 0. 0. 0. 1. 1. 0. 0. 1. 0. 0. 0. 0. 0. 0. 0. 1. 0. 1. 0. 0. 1. 0. 0. 0. 0. 1. 0. 0. 0. 0. 1. 0. 0. 0. 0. 1. 0. 1. 0. 0. 0. 1. 1. 0. 0. 0. 0. 0. 1. 0. 0. 0. 1. 0. 0. 0. 0. 0. 1. 0. 1. 0. 0. 0. 0. 0. 0. 0. 1. 0. 0. 0. 0. 0. 0. 0. 0. 0. 1. 1. 0. 1. 0. 0. 1. 0. 0. 0. 1. 0. 1. 0. 1. 0. 0. 1. 0. 0. 0. 1. 0. 0. 0. 0. 0. 0. 0. 0. 1. 1. 0. 0. 0. 1. 0. 0. 0. 0. 0. 1. 0. 0. 0. 0. 0. 0. 0. 0. 0. 0. 0. 0. 0. 1. 1. 0. 1. 1. 0. 0. 0. 0. 1. 0. 1. 0. 0. 0. 0. 0. 0. 0. 0. 0. 0. 0. 0. 0. 0. 0. 0. 1. 0. 0. 0. 0. 0. 0. 1. 0. 0. 0. 0. 0. 1. 0. 0. 0. 0. 0.]
[0. 0. 0. 0. 0. 0. 0. 1. 1. 0. 0. 0. 0. 0. 0. 0. 0. 0. 0. 0. 0. 0. 0. 0. 0. 0. 0. 1. 0. 0. 0. 0. 0. 0. 1. 0. 0. 0. 0. 0. 1. 0. 0. 0. 0. 0. 0. 0. 0. 0. 0. 0. 1. 0. 0. 0. 0. 0. 0. 0. 0. 0. 0. 0. 0. 0. 0. 0. 0. 0. 0. 0. 1. 0. 0. 0. 0. 0. 0. 0. 0. 0. 0. 0. 0. 1. 0. 0. 0. 0. 0. 0. 0. 1. 0. 0. 0. 1. 0. 0. 0. 0. 0. 0. 0. 0. 0. 1. 0. 0. 1. 0. 0. 0. 0. 0. 0. 1. 0. 0. 0. 0. 0. 0. 0. 0. 0. 0. 1. 0. 0. 0. 0. 0. 0. 0. 0. 0. 0. 0. 0. 0. 0. 0. 0. 0. 0. 0. 0. 0. 0. 1. 1. 0. 0. 0. 1. 0. 0. 0. 0. 0. 0. 0. 0. 0. 0. 0. 1. 0. 0. 0. 0. 0. 1. 0. 0. 0. 0. 0. 0. 0. 0. 0. 0. 0. 1. 0. 0. 0. 0. 0. 0. 0. 1. 0. 0. 0. 1. 0. 0. 0. 0. 0. 0. 0. 0. 1. 0. 0. 1. 0. 0. 0. 0. 0. 0. 0. 0. 0. 1. 0. 0. 0. 0. 1. 1. 1. 0. 0. 0. 0. 0. 1. 0. 0. 0.]
[0. 1. 0. 0. 0. 0. 0. 0. 0. 0. 0. 1. 0. 0. 0. 0. 1. 0. 0. 0. 0. 0. 0. 1. 0. 0. 0. 1. 1. 0. 0. 0. 0. 0. 1. 1. 0. 0. 0. 0. 0. 1. 0. 0. 0. 0. 0. 0. 0. 0. 0. 0. 0. 0. 0. 0. 0. 1. 0. 0. 0. 0. 0. 0. 0. 1. 0. 1. 0. 0. 0. 0. 1. 0. 0. 0. 1. 1. 0. 0. 0. 1. 0. 1. 0. 0. 0. 0. 0. 0. 1. 0. 0. 0. 1. 0. 0. 0. 0. 0. 1. 0. 0. 0. 0. 0. 0. 0. 1. 0. 0. 0. 0. 0. 0. 0. 0. 1. 0. 0. 0. 0. 0. 0. 0. 0. 0. 0. 0. 0. 0. 0. 0. 1. 0. 0. 0. 0. 0. 0. 0. 0. 0. 0. 0. 1. 0. 0. 0. 0. 0. 0. 0. 0. 1. 1. 0. 0. 1. 0. 0. 0. 1. 0. 0. 0. 0. 0. 0. 0. 0. 0. 0. 1. 1. 0. 0. 1. 0. 0. 1. 1. 0. 0. 1. 0. 0. 0. 0. 0. 0. 0. 1. 0. 0. 0. 0. 1. 0. 0. 0. 0. 1. 0. 1. 1. 0. 0. 0. 0. 0. 0. 0. 1. 0. 0. 0. 0. 0. 0. 1. 0. 1. 1. 1. 0. 0. 0. 0. 1. 0. 0. 0. 0. 0. 0. 0.]
[1. 0. 0. 1. 0. 0. 0. 0. 0. 0. 0. 0. 0. 0. 1. 1. 0. 0. 0. 0. 0. 0. 0. 0. 0. 0. 0. 0. 0. 0. 1. 0. 0. 1. 0. 0. 0. 0. 1. 0. 0. 0. 0. 0. 0. 0. 0. 0. 0. 0. 0. 1. 0. 0. 0. 0. 1. 0. 0. 0. 0. 0. 0. 1. 1. 0. 1. 0. 0. 0. 0. 0. 0. 1. 1. 0. 0. 0. 0. 1. 0. 0. 0. 0. 1. 0. 0. 0. 0. 0. 0. 0. 0. 0. 0. 1. 0. 0. 0. 0. 0. 1. 0. 0. 0. 0. 0. 0. 0. 0. 0. 0. 1. 0. 0. 0. 0. 0. 1. 1. 0. 1. 0. 0. 0. 0. 0. 0. 0. 0. 0. 0. 0. 0. 0. 1. 0. 1. 0. 0. 0. 0. 0. 1. 0. 0. 0. 0. 1. 1. 0. 0. 0. 0. 0. 1. 0. 0. 0. 0. 0. 0. 0. 0. 0. 0. 0. 0. 0. 1. 1. 0. 0. 1. 0. 0. 0. 0. 0. 0. 0. 0. 0. 0. 0. 0. 1. 0. 0. 0. 0. 0. 0. 1. 0. 0. 0. 0. 1. 0. 0. 0. 0. 0. 0. 0. 1. 0. 0. 1. 0. 0. 0. 0. 0. 0. 0. 0. 0. 0. 0. 0. 0. 0. 0. 0. 0. 0. 1. 0. 1. 0. 0. 0. 0. 1. 1.]
[0. 0. 1. 0. 1. 0. 0. 0. 0. 1. 0. 1. 1. 0. 0. 0. 0. 0. 0. 0. 0. 0. 0. 0. 0. 0. 0. 1. 0. 1. 0. 0. 0. 0. 0. 0. 1. 0. 0. 0. 0. 0. 0. 0. 0. 0. 0. 1. 0. 0. 1. 0. 1. 0. 0. 0. 0. 0. 0. 1. 0. 0. 0. 0. 0. 0. 0. 0. 1. 0. 0. 0. 0. 0. 0. 0. 0. 0. 0. 0. 0. 0. 0. 0. 0. 0. 0. 0. 0. 0. 0. 0. 0. 0. 0. 0. 0. 0. 0. 0. 0. 0. 0. 1. 0. 0. 1. 0. 0. 1. 1. 0. 0. 1. 0. 0. 1. 1. 0. 0. 0. 0. 0. 0. 1. 1. 0. 0. 0. 0. 1. 0. 0. 1. 0. 0. 0. 0. 0. 0. 0. 0. 0. 0. 0. 0. 0. 0. 0. 0. 0. 0. 0. 1. 0. 0. 0. 0. 0. 0. 0. 0. 0. 0. 1. 0. 0. 1. 0. 0. 1. 0. 0. 0. 0. 1. 0. 1. 0. 0. 0. 0. 0. 1. 0. 0. 0. 0. 0. 1. 0. 0. 0. 0. 0. 0. 0. 0. 0. 1. 0. 1. 0. 0. 0. 0. 0. 1. 0. 0. 0. 0. 0. 0. 0. 1. 1. 0. 0. 1. 0. 0. 1. 0. 0. 1. 0. 0. 1. 0. 0. 0. 0. 0. 0. 0. 1.]
[0. 1. 0. 0. 0. 0. 0. 0. 0. 0. 1. 1. 1. 0. 0. 0. 1. 1. 0. 0. 0. 0. 0. 0. 0. 0. 1. 0. 1. 0. 0. 0. 1. 0. 0. 1. 1. 0. 0. 0. 0. 0. 0. 0. 0. 0. 0. 1. 0. 0. 0. 1. 0. 0. 0. 1. 0. 1. 0. 0. 0. 0. 0. 0. 0. 0. 0. 0. 0. 0. 0. 0. 0. 0. 0. 0. 0. 0. 0. 0. 0. 0. 0. 0. 1. 1. 0. 0. 0. 0. 0. 1. 0. 0. 0. 1. 0. 0. 0. 0. 0. 0. 0. 0. 0. 0. 0. 1. 0. 0. 0. 0. 0. 0. 0. 0. 0. 0. 0. 1. 0. 1. 0. 0. 0. 0. 0. 1. 0. 0. 0. 0. 1. 1. 0. 0. 0. 0. 0. 0. 0. 0. 0. 0. 0. 0. 1. 0. 0. 0. 0. 0. 1. 1. 1. 0. 0. 0. 0. 0. 0. 0. 1. 0. 0. 0. 0. 1. 0. 0. 0. 0. 0. 0. 0. 0. 0. 0. 1. 0. 1. 1. 1. 0. 0. 0. 0. 0. 1. 0. 0. 0. 0. 1. 0. 0. 1. 0. 0. 0. 0. 0. 0. 0. 0. 0. 0. 0. 0. 0. 0. 0. 0. 0. 1. 0. 0. 0. 0. 0. 0. 0. 0. 0. 0. 0. 0. 1. 0. 0. 0. 1. 0. 0. 0. 0. 0.]
[0. 0. 0. 0. 1. 1. 1. 1. 1. 0. 0. 0. 0. 0. 0. 0. 1. 0. 0. 0. 0. 0. 1. 0. 0. 0. 0. 0. 0. 0. 1. 0. 0. 0. 0. 0. 0. 0. 0. 1. 1. 0. 0. 0. 0. 0. 0. 0. 1. 0. 1. 0. 0. 0. 0. 1. 0. 0. 0. 0. 0. 0. 0. 0. 0. 0. 0. 0. 0. 0. 0. 1. 0. 0. 0. 0. 0. 0. 0. 1. 0. 0. 0. 0. 0. 0. 0. 0. 0. 0. 0. 0. 0. 0. 0. 0. 0. 0. 0. 0. 1. 1. 1. 1. 0. 1. 0. 0. 0. 0. 1. 0. 0. 0. 0. 0. 1. 0. 0. 0. 0. 0. 1. 0. 0. 1. 1. 0. 0. 0. 0. 0. 0. 1. 1. 0. 0. 0. 0. 0. 1. 0. 0. 0. 0. 1. 0. 1. 0. 0. 0. 0. 0. 0. 0. 0. 0. 0. 0. 1. 0. 0. 0. 0. 0. 0. 0. 0. 0. 0. 0. 0. 0. 0. 1. 0. 0. 0. 0. 0. 1. 0. 1. 0. 1. 0. 0. 0. 0. 0. 0. 0. 0. 0. 0. 0. 0. 0. 1. 0. 0. 0. 0. 0. 0. 0. 0. 0. 0. 0. 0. 0. 0. 1. 0. 1. 0. 0. 0. 0. 0. 0. 1. 0. 0. 0. 1. 0. 0. 0. 0. 0. 0. 0. 1. 0. 0.]
[0. 0. 0. 0. 0. 0. 0. 0. 0. 0. 0. 0. 0. 0. 0. 0. 0. 0. 0. 0. 0. 0. 0. 1. 1. 0. 0. 0. 1. 0. 0. 0. 0. 0. 0. 0. 0. 0. 0. 0. 0. 0. 0. 0. 0. 1. 0. 0. 0. 0. 0. 0. 0. 0. 0. 0. 0. 0. 0. 0. 0. 0. 0. 0. 1. 0. 0. 1. 0. 1. 0. 0. 0. 0. 0. 0. 0. 1. 0. 0. 0. 0. 1. 0. 0. 0. 0. 0. 0. 0. 0. 1. 0. 0. 0. 0. 0. 1. 1. 0. 0. 1. 0. 0. 0. 0. 0. 0. 0. 0. 0. 1. 0. 0. 0. 1. 0. 0. 0. 1. 1. 0. 0. 0. 0. 0. 0. 1. 0. 0. 0. 0. 0. 0. 0. 0. 0. 0. 0. 0. 0. 0. 0. 0. 0. 0. 0. 0. 0. 1. 0. 0. 0. 0. 0. 0. 0. 0. 0. 0. 0. 0. 0. 0. 0. 0. 0. 0. 0. 0. 0. 0. 0. 0. 1. 0. 0. 0. 0. 0. 1. 0. 1. 0. 0. 0. 0. 0. 0. 0. 0. 0. 0. 0. 0. 0. 1. 1. 0. 0. 1. 0. 0. 0. 0. 0. 0. 1. 0. 0. 0. 1. 0. 0. 0. 0. 1. 1. 1. 0. 0. 0. 0. 0. 0. 0. 0. 0. 0. 0. 0. 0. 0. 0. 1. 0. 1.]
[0. 0. 0. 0. 0. 0. 0. 0. 0. 0. 1. 0. 0. 0. 1. 0. 0. 0. 0. 0. 0. 0. 0. 0. 0. 0. 0. 0. 0. 0. 1. 0. 0. 0. 0. 1. 0. 1. 0. 1. 0. 0. 0. 0. 0. 0. 1. 0. 1. 0. 0. 1. 0. 0. 0. 0. 0. 1. 1. 0. 0. 0. 0. 1. 0. 1. 0. 1. 0. 0. 0. 0. 0. 0. 0. 0. 1. 0. 0. 0. 0. 0. 0. 1. 0. 1. 0. 0. 0. 0. 0. 0. 0. 0. 0. 0. 0. 1. 0. 0. 0. 0. 1. 1. 1. 1. 0. 0. 0. 0. 0. 1. 0. 1. 0. 0. 1. 0. 0. 0. 0. 0. 0. 1. 0. 0. 0. 0. 0. 0. 0. 0. 0. 0. 0. 0. 0. 0. 0. 1. 1. 0. 0. 0. 0. 0. 1. 0. 0. 0. 0. 0. 0. 0. 1. 0. 0. 0. 0. 1. 1. 0. 0. 1. 0. 0. 0. 0. 0. 0. 0. 0. 0. 1. 0. 0. 0. 0. 0. 1. 0. 0. 0. 0. 0. 0. 0. 0. 0. 0. 1. 0. 0. 0. 0. 0. 0. 0. 0. 1. 0. 0. 0. 0. 0. 0. 1. 1. 1. 0. 0. 0. 1. 0. 0. 0. 1. 0. 0. 0. 0. 0. 0. 0. 0. 0. 0. 0. 0. 0. 0. 0. 1. 0. 1. 0. 0.]
[0. 0. 0. 0. 0. 0. 0. 0. 0. 0. 0. 0. 0. 0. 0. 0. 0. 0. 0. 0. 0. 1. 0. 0. 0. 0. 0. 0. 0. 0. 0. 0. 1. 1. 0. 0. 0. 0. 0. 1. 0. 1. 0. 0. 0. 0. 1. 0. 1. 0. 0. 0. 0. 1. 1. 1. 0. 0. 0. 1. 0. 0. 0. 0. 0. 0. 0. 0. 1. 1. 0. 0. 0. 0. 0. 0. 0. 1. 0. 0. 0. 1. 0. 0. 0. 0. 0. 0. 0. 0. 0. 0. 0. 0. 0. 0. 1. 0. 0. 0. 0. 0. 1. 0. 1. 0. 0. 0. 0. 0. 1. 0. 0. 1. 1. 0. 0. 0. 0. 1. 1. 0. 0. 0. 0. 1. 0. 0. 0. 0. 1. 0. 0. 1. 0. 0. 1. 0. 0. 0. 0. 0. 0. 0. 0. 0. 0. 0. 0. 0. 0. 0. 0. 0. 0. 0. 1. 0. 0. 0. 0. 0. 1. 0. 0. 0. 0. 0. 0. 1. 0. 1. 0. 0. 0. 0. 0. 0. 0. 1. 1. 0. 0. 0. 0. 1. 0. 0. 0. 0. 0. 0. 0. 0. 0. 1. 0. 1. 0. 0. 0. 0. 0. 0. 0. 1. 0. 0. 0. 0. 0. 0. 0. 0. 0. 0. 1. 0. 0. 0. 0. 0. 0. 0. 0. 0. 1. 0. 1. 0. 0. 0. 1. 0. 0. 0. 1.]
[0. 0. 0. 0. 0. 0. 0. 0. 0. 1. 0. 0. 1. 1. 0. 0. 0. 0. 0. 1. 0. 1. 0. 0. 0. 1. 0. 0. 0. 0. 0. 0. 0. 0. 1. 0. 1. 0. 0. 0. 0. 0. 1. 0. 0. 0. 0. 0. 0. 0. 0. 0. 0. 0. 0. 0. 1. 0. 0. 1. 0. 1. 0. 0. 0. 0. 0. 0. 0. 0. 0. 0. 1. 0. 0. 1. 1. 1. 0. 0. 0. 0. 0. 0. 0. 1. 0. 0. 0. 0. 0. 0. 0. 0. 0. 0. 0. 0. 1. 0. 0. 0. 0. 0. 1. 0. 0. 0. 0. 0. 0. 0. 0. 0. 1. 0. 0. 0. 0. 0. 1. 0. 0. 0. 0. 0. 0. 0. 0. 0. 0. 0. 0. 0. 0. 0. 0. 0. 0. 0. 0. 0. 0. 0. 0. 0. 1. 0. 0. 0. 0. 0. 0. 0. 0. 1. 1. 0. 0. 0. 0. 0. 0. 0. 0. 1. 0. 0. 0. 0. 0. 0. 0. 0. 0. 1. 1. 0. 1. 0. 1. 0. 0. 0. 0. 0. 0. 0. 0. 0. 0. 0. 0. 1. 0. 0. 0. 0. 0. 0. 1. 0. 1. 0. 0. 0. 0. 0. 0. 0. 0. 0. 0. 0. 0. 0. 0. 0. 0. 0. 0. 0. 0. 0. 0. 0. 0. 0. 0. 0. 1. 0. 0. 0. 1. 0. 0.]
[0. 0. 0. 0. 0. 0. 0. 0. 1. 0. 0. 0. 0. 0. 0. 0. 0. 0. 0. 0. 0. 1. 1. 0. 0. 0. 1. 0. 0. 0. 0. 1. 0. 1. 0. 0. 0. 0. 0. 1. 0. 0. 0. 0. 0. 0. 0. 0. 0. 0. 1. 0. 0. 0. 1. 1. 0. 0. 0. 0. 0. 0. 0. 0. 0. 0. 0. 0. 1. 0. 0. 0. 1. 0. 0. 1. 0. 0. 0. 0. 1. 0. 0. 0. 0. 0. 1. 0. 1. 0. 0. 0. 1. 0. 0. 1. 0. 0. 0. 0. 0. 0. 0. 0. 0. 1. 1. 1. 1. 0. 0. 0. 0. 0. 0. 0. 0. 0. 0. 0. 0. 0. 0. 0. 0. 0. 1. 0. 0. 0. 0. 0. 0. 0. 0. 0. 1. 0. 0. 0. 0. 0. 0. 0. 0. 1. 1. 0. 1. 0. 0. 0. 0. 0. 0. 0. 0. 0. 0. 1. 0. 0. 0. 0. 0. 1. 0. 0. 0. 0. 1. 1. 0. 0. 0. 0. 1. 0. 0. 0. 0. 0. 0. 1. 0. 0. 1. 0. 1. 0. 1. 0. 0. 0. 0. 0. 0. 0. 0. 0. 0. 0. 0. 0. 1. 0. 0. 0. 0. 0. 1. 1. 0. 0. 0. 1. 0. 0. 1. 0. 0. 0. 0. 0. 0. 1. 0. 0. 0. 0. 0. 0. 0. 0. 0. 0. 0.]
[0. 0. 0. 1. 0. 0. 0. 0. 0. 0. 1. 0. 0. 0. 0. 0. 0. 1. 1. 0. 0. 0. 0. 1. 0. 0. 0. 1. 1. 0. 1. 0. 0. 0. 0. 0. 0. 0. 0. 0. 0. 0. 0. 0. 0. 0. 0. 0. 0. 0. 1. 0. 0. 0. 0. 0. 0. 0. 0. 0. 0. 0. 0. 1. 0. 1. 0. 0. 0. 0. 0. 0. 0. 0. 0. 1. 0. 0. 0. 0. 0. 0. 0. 1. 0. 0. 0. 0. 0. 0. 0. 0. 0. 0. 0. 0. 0. 0. 1. 0. 0. 0. 1. 0. 0. 0. 0. 0. 0. 0. 0. 0. 0. 0. 0. 0. 0. 0. 0. 1. 1. 0. 0. 0. 1. 0. 0. 0. 0. 0. 0. 0. 0. 1. 0. 0. 0. 0. 1. 1. 0. 0. 1. 0. 0. 0. 0. 1. 0. 1. 0. 1. 1. 0. 0. 0. 0. 0. 1. 1. 0. 1. 0. 0. 0. 0. 0. 0. 0. 1. 0. 0. 0. 0. 0. 0. 0. 0. 0. 0. 1. 0. 1. 0. 0. 0. 0. 0. 0. 0. 1. 0. 0. 0. 0. 0. 0. 1. 0. 0. 0. 0. 1. 0. 0. 1. 0. 0. 1. 1. 0. 0. 0. 0. 1. 0. 0. 0. 0. 0. 1. 0. 0. 0. 0. 0. 0. 0. 1. 0. 1. 0. 0. 1. 0. 0. 0.]
[0. 1. 0. 0. 0. 0. 0. 0. 0. 0. 0. 1. 1. 0. 1. 0. 0. 0. 0. 1. 1. 0. 0. 0. 1. 0. 1. 0. 0. 0. 1. 0. 0. 0. 0. 0. 1. 0. 0. 0. 1. 0. 0. 0. 0. 1. 0. 0. 0. 0. 0. 1. 1. 0. 0. 1. 0. 0. 0. 0. 0. 1. 1. 0. 0. 0. 0. 1. 0. 0. 1. 0. 0. 0. 0. 0. 1. 1. 0. 0. 0. 1. 0. 0. 0. 0. 0. 0. 0. 1. 0. 0. 0. 0. 0. 0. 0. 0. 0. 0. 0. 0. 0. 0. 0. 0. 0. 1. 0. 0. 0. 1. 1. 0. 0. 0. 0. 0. 1. 0. 0. 0. 0. 0. 0. 0. 0. 0. 1. 0. 1. 1. 0. 1. 1. 1. 0. 1. 0. 1. 0. 0. 0. 0. 0. 0. 0. 0. 0. 1. 0. 1. 0. 1. 0. 0. 0. 0. 0. 0. 0. 0. 0. 0. 0. 0. 0. 0. 0. 0. 0. 0. 0. 0. 0. 0. 0. 0. 0. 1. 0. 0. 1. 0. 0. 0. 1. 0. 0. 0. 0. 0. 0. 0. 0. 0. 0. 0. 0. 1. 0. 0. 0. 0. 0. 0. 0. 0. 1. 0. 0. 0. 0. 0. 0. 1. 0. 0. 0. 0. 0. 0. 1. 1. 0. 0. 0. 1. 0. 0. 1. 1. 0. 0. 0. 0. 0.]
[0. 0. 0. 0. 0. 0. 0. 0. 0. 0. 0. 0. 0. 0. 0. 0. 0. 0. 0. 0. 0. 0. 0. 0. 0. 0. 0. 0. 0. 1. 0. 0. 0. 0. 0. 0. 0. 0. 0. 0. 0. 0. 0. 1. 1. 0. 0. 0. 0. 0. 0. 0. 0. 0. 0. 0. 0. 0. 1. 1. 0. 0. 0. 0. 0. 0. 0. 0. 1. 0. 0. 0. 0. 1. 0. 0. 1. 0. 0. 0. 1. 0. 0. 1. 1. 1. 1. 0. 0. 0. 1. 0. 0. 0. 0. 1. 0. 0. 1. 0. 0. 0. 0. 1. 0. 0. 0. 0. 0. 1. 1. 0. 0. 0. 0. 0. 0. 0. 0. 0. 0. 0. 0. 0. 0. 0. 0. 0. 0. 0. 1. 0. 0. 0. 0. 0. 1. 0. 0. 0. 0. 0. 0. 0. 1. 0. 0. 0. 1. 0. 1. 1. 1. 0. 0. 0. 0. 0. 0. 0. 0. 0. 0. 1. 0. 0. 0. 0. 0. 0. 0. 0. 0. 0. 0. 0. 0. 0. 1. 0. 0. 0. 0. 0. 0. 0. 0. 0. 0. 0. 0. 0. 1. 1. 0. 0. 0. 0. 0. 0. 0. 0. 1. 1. 0. 1. 1. 0. 0. 0. 0. 0. 0. 0. 0. 0. 0. 0. 0. 0. 0. 0. 1. 0. 0. 1. 0. 1. 0. 0. 0. 0. 0. 1. 0. 0. 0.]
[0. 0. 0. 0. 0. 0. 0. 0. 0. 0. 0. 0. 0. 0. 0. 0. 0. 1. 0. 0. 0. 0. 1. 0. 0. 0. 0. 0. 0. 0. 0. 1. 0. 1. 0. 0. 0. 0. 0. 0. 0. 0. 0. 0. 0. 1. 0. 0. 0. 0. 0. 0. 0. 0. 0. 0. 0. 0. 1. 0. 0. 0. 0. 0. 1. 0. 0. 1. 0. 0. 0. 1. 0. 0. 0. 0. 0. 0. 0. 0. 0. 0. 0. 0. 0. 0. 0. 0. 0. 0. 1. 0. 0. 1. 0. 1. 0. 0. 0. 0. 0. 0. 0. 0. 0. 0. 1. 0. 0. 0. 0. 0. 0. 0. 0. 0. 0. 0. 0. 1. 0. 0. 0. 1. 0. 0. 0. 0. 0. 1. 0. 0. 0. 0. 0. 0. 0. 0. 0. 0. 0. 0. 0. 0. 1. 0. 0. 0. 0. 0. 1. 0. 0. 0. 0. 0. 0. 0. 0. 0. 0. 0. 0. 0. 0. 0. 0. 1. 0. 0. 0. 1. 0. 0. 1. 0. 0. 0. 0. 0. 1. 0. 0. 0. 0. 0. 0. 0. 1. 0. 0. 1. 1. 0. 0. 0. 0. 0. 0. 1. 0. 0. 0. 0. 0. 1. 0. 0. 0. 0. 0. 1. 0. 0. 0. 0. 0. 0. 1. 1. 0. 1. 0. 1. 1. 0. 0. 0. 1. 0. 0. 0. 0. 0. 0. 1. 1.]
[0. 0. 0. 1. 1. 0. 0. 0. 0. 0. 0. 1. 0. 0. 0. 0. 0. 0. 0. 0. 0. 1. 0. 0. 0. 0. 0. 0. 0. 1. 0. 0. 0. 1. 0. 0. 0. 0. 1. 0. 0. 0. 1. 0. 0. 1. 0. 0. 1. 0. 0. 0. 0. 0. 1. 0. 0. 0. 0. 0. 0. 0. 0. 0. 0. 1. 0. 0. 1. 0. 0. 1. 0. 0. 1. 0. 0. 0. 1. 0. 0. 0. 0. 0. 0. 0. 0. 0. 0. 1. 0. 0. 0. 0. 1. 0. 0. 0. 0. 0. 0. 0. 0. 0. 0. 0. 0. 0. 0. 0. 0. 0. 0. 1. 0. 0. 0. 0. 1. 0. 0. 1. 1. 0. 0. 0. 1. 0. 0. 0. 1. 0. 1. 0. 0. 0. 0. 1. 0. 0. 0. 0. 0. 0. 1. 0. 1. 1. 1. 1. 0. 0. 0. 0. 0. 0. 0. 1. 1. 0. 0. 0. 0. 0. 0. 0. 1. 0. 0. 0. 0. 0. 0. 0. 0. 0. 0. 0. 0. 0. 0. 0. 1. 0. 0. 0. 0. 0. 0. 1. 0. 0. 1. 0. 0. 0. 0. 0. 0. 0. 1. 0. 0. 1. 0. 0. 0. 0. 0. 0. 0. 0. 0. 0. 1. 0. 0. 1. 0. 0. 0. 0. 0. 0. 0. 0. 1. 0. 1. 0. 1. 0. 0. 0. 0. 0. 0.]
[0. 0. 0. 0. 0. 0. 0. 0. 0. 0. 0. 0. 0. 0. 0. 1. 0. 0. 0. 1. 0. 0. 0. 0. 0. 0. 0. 0. 0. 0. 0. 0. 0. 0. 1. 0. 0. 0. 0. 0. 0. 0. 1. 0. 0. 0. 0. 1. 0. 0. 0. 0. 0. 0. 1. 0. 0. 0. 0. 0. 0. 0. 0. 0. 1. 0. 0. 0. 0. 0. 0. 0. 0. 0. 0. 0. 0. 0. 0. 0. 1. 0. 0. 0. 0. 0. 0. 0. 0. 0. 1. 1. 1. 0. 0. 0. 0. 0. 0. 0. 0. 0. 0. 0. 1. 1. 0. 0. 0. 0. 1. 0. 0. 0. 0. 0. 0. 1. 0. 0. 0. 0. 0. 1. 0. 0. 0. 0. 0. 0. 0. 0. 0. 0. 1. 0. 0. 0. 0. 1. 0. 0. 0. 0. 0. 1. 0. 0. 0. 0. 0. 0. 0. 0. 0. 0. 0. 0. 0. 0. 0. 1. 0. 0. 0. 0. 1. 0. 0. 0. 0. 0. 0. 0. 0. 0. 0. 0. 0. 0. 0. 0. 0. 0. 0. 0. 0. 0. 0. 0. 1. 0. 1. 1. 0. 1. 0. 0. 0. 1. 0. 0. 0. 0. 0. 0. 0. 0. 1. 0. 0. 0. 0. 0. 1. 0. 0. 0. 0. 0. 0. 0. 1. 0. 0. 0. 1. 1. 0. 0. 1. 0. 1. 0. 0. 0. 0.]
[0. 0. 0. 0. 0. 0. 1. 0. 0. 0. 0. 0. 0. 1. 0. 0. 0. 0. 1. 0. 0. 1. 0. 1. 0. 0. 0. 0. 0. 0. 0. 0. 0. 0. 0. 0. 0. 1. 1. 0. 0. 1. 0. 1. 0. 0. 0. 0. 0. 0. 1. 0. 0. 1. 0. 0. 0. 0. 1. 0. 0. 0. 0. 0. 0. 0. 1. 1. 0. 1. 0. 0. 0. 0. 0. 0. 1. 0. 0. 1. 0. 0. 0. 1. 1. 0. 1. 0. 0. 0. 0. 0. 0. 0. 0. 0. 0. 1. 0. 1. 0. 0. 0. 0. 0. 0. 0. 0. 0. 1. 0. 0. 0. 1. 0. 0. 1. 0. 0. 1. 0. 0. 0. 0. 0. 0. 0. 1. 0. 0. 0. 1. 0. 0. 0. 0. 0. 0. 0. 0. 1. 0. 0. 1. 0. 0. 0. 0. 0. 0. 0. 0. 0. 0. 0. 0. 0. 0. 1. 0. 0. 0. 0. 0. 0. 0. 0. 0. 0. 0. 0. 1. 1. 0. 0. 1. 0. 1. 0. 0. 0. 1. 0. 0. 0. 1. 0. 1. 0. 0. 0. 0. 0. 0. 0. 0. 0. 0. 1. 0. 0. 0. 0. 0. 0. 0. 0. 0. 1. 1. 0. 0. 0. 0. 0. 0. 0. 0. 1. 0. 0. 0. 1. 0. 1. 0. 0. 0. 0. 1. 0. 0. 0. 0. 1. 0. 0.]
[0. 0. 0. 0. 0. 0. 0. 0. 0. 0. 1. 0. 0. 0. 0. 0. 1. 0. 0. 0. 1. 0. 0. 0. 0. 0. 0. 1. 1. 0. 0. 0. 0. 0. 0. 0. 1. 0. 0. 0. 1. 0. 0. 0. 0. 0. 1. 0. 1. 1. 0. 0. 0. 0. 0. 0. 1. 0. 0. 0. 0. 0. 0. 0. 1. 0. 0. 1. 0. 0. 0. 0. 0. 1. 0. 0. 0. 1. 0. 0. 0. 0. 1. 0. 1. 0. 0. 0. 0. 0. 1. 1. 0. 0. 0. 1. 0. 1. 0. 0. 0. 0. 0. 0. 0. 0. 1. 1. 0. 0. 0. 0. 0. 0. 0. 0. 0. 1. 0. 0. 1. 1. 0. 1. 0. 1. 0. 0. 1. 0. 0. 0. 0. 0. 0. 0. 0. 1. 1. 0. 0. 0. 0. 0. 0. 0. 0. 0. 1. 0. 0. 0. 0. 1. 1. 0. 0. 0. 0. 0. 0. 0. 0. 0. 0. 0. 1. 0. 0. 0. 0. 0. 0. 0. 0. 0. 0. 0. 1. 0. 0. 0. 0. 0. 1. 0. 0. 0. 0. 1. 0. 0. 0. 1. 0. 1. 1. 0. 0. 0. 0. 0. 0. 1. 0. 0. 0. 0. 0. 0. 0. 0. 0. 0. 0. 0. 0. 1. 0. 0. 1. 0. 0. 1. 1. 0. 0. 0. 0. 1. 0. 0. 0. 0. 0. 0. 0.]
[1. 0. 0. 0. 0. 0. 0. 0. 0. 0. 0. 0. 1. 0. 0. 1. 0. 0. 0. 0. 0. 0. 0. 1. 0. 1. 0. 0. 0. 1. 0. 1. 0. 1. 0. 0. 0. 0. 0. 0. 1. 1. 0. 0. 1. 0. 0. 0. 0. 0. 0. 1. 0. 0. 0. 0. 1. 0. 0. 0. 0. 0. 0. 0. 0. 0. 0. 0. 0. 0. 1. 0. 1. 0. 0. 1. 0. 0. 0. 0. 0. 0. 0. 0. 0. 0. 0. 0. 0. 0. 0. 0. 1. 1. 0. 0. 0. 0. 0. 0. 0. 1. 1. 0. 0. 0. 0. 1. 1. 0. 0. 0. 0. 1. 1. 1. 0. 0. 0. 0. 0. 0. 0. 0. 1. 0. 0. 0. 1. 0. 0. 1. 1. 0. 0. 0. 0. 1. 0. 0. 1. 0. 0. 0. 0. 0. 1. 0. 0. 1. 0. 0. 0. 0. 0. 0. 0. 0. 0. 1. 0. 0. 1. 0. 0. 0. 0. 0. 0. 0. 0. 0. 1. 0. 0. 0. 0. 0. 0. 0. 1. 0. 0. 0. 0. 0. 1. 1. 0. 1. 0. 0. 0. 0. 0. 0. 0. 0. 0. 1. 0. 0. 0. 0. 0. 0. 0. 0. 1. 1. 0. 0. 0. 0. 0. 0. 0. 0. 0. 0. 1. 0. 0. 1. 1. 0. 0. 0. 0. 1. 0. 0. 1. 0. 0. 1. 0.]
[0. 0. 0. 1. 0. 0. 0. 0. 0. 0. 1. 0. 0. 0. 0. 0. 0. 0. 1. 0. 0. 0. 0. 0. 0. 0. 0. 0. 0. 0. 0. 0. 0. 1. 0. 0. 0. 0. 0. 0. 1. 0. 0. 0. 1. 1. 0. 0. 0. 0. 0. 0. 0. 0. 0. 0. 0. 0. 0. 0. 0. 0. 0. 0. 0. 0. 0. 0. 0. 0. 0. 0. 0. 1. 0. 0. 0. 0. 0. 0. 1. 0. 1. 0. 0. 0. 0. 0. 0. 0. 0. 0. 0. 0. 0. 0. 0. 0. 1. 0. 0. 0. 1. 0. 0. 0. 0. 0. 1. 0. 0. 0. 0. 1. 0. 0. 0. 0. 0. 0. 0. 1. 0. 0. 0. 0. 0. 1. 0. 0. 1. 0. 0. 0. 0. 1. 0. 0. 1. 0. 0. 0. 1. 0. 1. 1. 0. 1. 0. 0. 0. 1. 1. 0. 0. 0. 0. 0. 0. 0. 0. 0. 0. 0. 0. 0. 0. 0. 0. 1. 0. 0. 0. 0. 1. 0. 0. 0. 0. 0. 0. 0. 0. 1. 1. 0. 1. 0. 0. 0. 0. 0. 0. 0. 0. 0. 1. 1. 0. 0. 0. 0. 0. 0. 0. 1. 0. 0. 0. 0. 0. 0. 1. 0. 0. 0. 0. 0. 0. 0. 1. 0. 1. 0. 0. 0. 1. 0. 0. 0. 0. 1. 0. 0. 0. 0. 0.]
[0. 0. 0. 0. 0. 0. 0. 0. 0. 0. 0. 0. 0. 0. 0. 1. 1. 0. 0. 0. 0. 1. 0. 0. 0. 0. 0. 0. 0. 0. 0. 0. 0. 0. 0. 1. 0. 0. 0. 0. 1. 0. 0. 0. 0. 0. 0. 0. 0. 0. 0. 0. 0. 0. 0. 0. 1. 0. 0. 0. 0. 0. 0. 0. 0. 0. 0. 0. 1. 0. 1. 0. 0. 1. 0. 0. 0. 0. 0. 0. 0. 0. 0. 0. 0. 0. 0. 0. 0. 0. 0. 0. 0. 0. 0. 0. 0. 0. 0. 0. 0. 1. 0. 0. 0. 0. 0. 0. 0. 0. 0. 1. 0. 0. 0. 0. 0. 0. 1. 0. 1. 0. 0. 0. 0. 0. 0. 0. 0. 0. 0. 0. 0. 1. 0. 0. 0. 0. 1. 0. 0. 0. 0. 0. 0. 1. 0. 0. 0. 1. 0. 1. 0. 1. 1. 1. 0. 1. 0. 0. 0. 0. 1. 0. 0. 0. 0. 0. 0. 0. 0. 0. 0. 0. 0. 1. 0. 0. 0. 1. 1. 0. 0. 0. 0. 0. 0. 0. 1. 0. 1. 0. 0. 0. 0. 0. 0. 0. 0. 0. 0. 0. 0. 0. 0. 0. 0. 0. 0. 0. 0. 0. 0. 1. 0. 1. 1. 1. 1. 0. 0. 1. 0. 0. 0. 0. 0. 0. 0. 0. 0. 0. 0. 0. 0. 0. 0.]
[1. 1. 0. 0. 1. 0. 0. 0. 0. 0. 0. 1. 1. 0. 0. 0. 0. 0. 0. 0. 0. 1. 0. 0. 0. 0. 0. 0. 1. 0. 0. 0. 0. 0. 1. 1. 0. 0. 0. 0. 0. 1. 0. 0. 0. 0. 0. 0. 0. 0. 1. 1. 0. 0. 0. 0. 0. 0. 0. 0. 0. 1. 0. 0. 0. 0. 0. 1. 1. 0. 0. 0. 0. 0. 0. 0. 0. 0. 1. 0. 1. 1. 0. 0. 0. 0. 0. 0. 0. 0. 1. 0. 0. 0. 0. 0. 0. 0. 0. 0. 0. 0. 0. 0. 0. 1. 0. 0. 0. 0. 0. 0. 0. 0. 0. 0. 0. 0. 0. 0. 0. 0. 0. 0. 0. 0. 0. 0. 0. 0. 0. 0. 0. 0. 0. 1. 0. 0. 1. 0. 1. 0. 0. 0. 0. 1. 0. 0. 0. 0. 0. 1. 0. 0. 1. 0. 0. 0. 0. 1. 0. 0. 0. 1. 0. 0. 0. 0. 1. 0. 0. 0. 0. 0. 0. 0. 0. 0. 0. 0. 0. 0. 0. 0. 1. 0. 0. 0. 0. 0. 0. 0. 0. 0. 0. 1. 0. 0. 1. 0. 0. 0. 0. 0. 0. 0. 0. 0. 0. 0. 1. 0. 0. 0. 0. 0. 0. 0. 0. 1. 0. 0. 0. 0. 0. 1. 0. 0. 0. 0. 1. 0. 0. 1. 1. 1. 0.]
[0. 0. 0. 0. 1. 0. 0. 0. 0. 0. 0. 1. 0. 0. 0. 0. 0. 0. 0. 0. 0. 0. 0. 0. 0. 0. 0. 0. 0. 0. 0. 0. 0. 1. 1. 0. 1. 0. 0. 0. 0. 0. 0. 0. 0. 1. 0. 0. 0. 0. 0. 0. 0. 0. 0. 0. 0. 1. 0. 0. 0. 0. 0. 0. 0. 0. 0. 1. 1. 0. 0. 0. 0. 0. 0. 0. 0. 0. 0. 1. 0. 0. 0. 1. 0. 0. 0. 0. 0. 0. 0. 0. 0. 0. 0. 0. 0. 0. 0. 0. 1. 0. 0. 0. 0. 0. 0. 0. 0. 0. 0. 0. 0. 0. 0. 0. 0. 0. 0. 0. 0. 0. 0. 1. 0. 0. 0. 0. 0. 1. 0. 0. 0. 0. 0. 0. 0. 0. 0. 0. 1. 0. 0. 0. 1. 0. 0. 0. 0. 0. 0. 1. 1. 0. 0. 0. 0. 0. 0. 0. 0. 1. 1. 1. 0. 1. 0. 0. 0. 0. 0. 1. 0. 1. 0. 1. 0. 0. 1. 0. 0. 1. 1. 0. 0. 0. 1. 0. 1. 0. 0. 0. 0. 1. 0. 0. 0. 0. 1. 0. 0. 0. 0. 0. 0. 0. 0. 0. 0. 1. 0. 1. 0. 0. 0. 0. 0. 0. 0. 0. 0. 1. 0. 0. 1. 0. 1. 0. 1. 0. 0. 0. 0. 0. 1. 0. 0.]
[0. 0. 1. 0. 0. 0. 1. 1. 0. 0. 1. 0. 1. 1. 0. 0. 0. 1. 0. 1. 0. 0. 0. 0. 0. 0. 0. 0. 0. 0. 0. 0. 1. 1. 0. 1. 0. 0. 0. 1. 0. 0. 0. 0. 0. 0. 0. 1. 0. 0. 0. 0. 0. 1. 1. 0. 0. 0. 0. 1. 0. 0. 0. 0. 0. 1. 0. 0. 0. 0. 0. 0. 0. 1. 0. 0. 0. 1. 1. 0. 0. 0. 1. 0. 0. 0. 0. 1. 1. 0. 0. 1. 0. 1. 0. 1. 0. 0. 0. 1. 0. 0. 1. 0. 0. 1. 0. 0. 1. 0. 0. 0. 0. 0. 1. 0. 1. 0. 0. 0. 0. 0. 0. 0. 0. 0. 1. 0. 0. 1. 0. 0. 0. 0. 0. 0. 0. 0. 1. 0. 0. 0. 0. 0. 0. 0. 1. 0. 0. 0. 0. 0. 0. 0. 0. 1. 0. 0. 0. 1. 0. 0. 0. 0. 0. 0. 0. 1. 1. 0. 0. 0. 0. 1. 0. 0. 0. 0. 1. 0. 0. 0. 0. 0. 0. 0. 0. 0. 0. 0. 0. 0. 0. 0. 1. 0. 0. 0. 0. 0. 0. 1. 0. 0. 0. 0. 0. 0. 0. 0. 0. 0. 1. 0. 1. 0. 0. 0. 0. 0. 0. 0. 0. 1. 1. 0. 0. 0. 0. 0. 0. 0. 0. 0. 0. 1. 1.]
[0. 1. 0. 0. 0. 0. 0. 0. 1. 0. 0. 0. 0. 0. 0. 1. 0. 1. 0. 0. 0. 1. 0. 0. 0. 1. 0. 0. 1. 0. 0. 1. 1. 0. 0. 0. 1. 0. 0. 0. 1. 1. 0. 1. 0. 0. 0. 0. 0. 0. 0. 1. 0. 0. 0. 0. 1. 0. 1. 0. 0. 0. 0. 0. 0. 0. 0. 0. 0. 0. 1. 0. 0. 0. 0. 0. 0. 1. 0. 1. 1. 0. 0. 0. 0. 0. 0. 0. 0. 0. 0. 1. 1. 1. 0. 0. 0. 1. 0. 0. 0. 0. 0. 0. 0. 0. 0. 0. 1. 0. 0. 0. 0. 1. 0. 1. 0. 0. 0. 1. 0. 0. 0. 0. 0. 1. 0. 1. 0. 0. 1. 0. 0. 0. 0. 0. 0. 0. 1. 0. 0. 0. 0. 0. 0. 1. 0. 0. 1. 1. 0. 1. 0. 0. 0. 0. 0. 0. 1. 0. 1. 0. 0. 0. 1. 0. 0. 0. 0. 0. 0. 0. 0. 0. 0. 0. 0. 0. 1. 0. 0. 0. 0. 1. 0. 0. 0. 0. 0. 0. 0. 0. 0. 1. 0. 1. 0. 0. 0. 0. 0. 0. 0. 0. 0. 0. 0. 0. 0. 0. 0. 0. 0. 1. 1. 1. 0. 0. 0. 0. 0. 0. 0. 0. 1. 1. 0. 1. 0. 0. 0. 0. 0. 0. 0. 1. 0.]
[0. 0. 0. 0. 0. 0. 0. 0. 1. 0. 0. 0. 1. 0. 0. 0. 0. 0. 0. 0. 0. 0. 0. 0. 0. 1. 0. 1. 0. 1. 0. 1. 0. 0. 0. 0. 0. 0. 0. 0. 0. 0. 0. 0. 0. 0. 1. 0. 0. 0. 0. 0. 1. 0. 1. 0. 0. 0. 0. 0. 0. 0. 0. 0. 0. 0. 0. 0. 0. 1. 0. 0. 1. 0. 0. 0. 0. 1. 0. 0. 0. 1. 0. 0. 0. 0. 0. 1. 0. 0. 0. 0. 0. 1. 0. 0. 0. 0. 0. 0. 0. 1. 1. 0. 0. 1. 0. 1. 0. 0. 0. 0. 0. 0. 0. 0. 1. 0. 0. 0. 1. 0. 0. 0. 0. 0. 0. 0. 0. 0. 0. 0. 0. 0. 1. 0. 0. 1. 0. 0. 0. 0. 0. 0. 0. 0. 0. 0. 0. 0. 0. 0. 0. 0. 0. 0. 0. 1. 1. 0. 0. 1. 1. 0. 0. 0. 0. 0. 0. 0. 1. 0. 0. 0. 0. 0. 1. 0. 1. 0. 0. 0. 0. 1. 0. 0. 0. 0. 0. 0. 0. 0. 0. 0. 0. 0. 0. 1. 0. 0. 1. 0. 0. 0. 0. 0. 0. 0. 0. 0. 0. 0. 0. 0. 1. 0. 0. 0. 0. 0. 0. 0. 0. 0. 0. 1. 0. 0. 0. 0. 0. 1. 0. 0. 0. 0. 0.]
[0. 1. 0. 0. 1. 0. 0. 1. 0. 0. 0. 0. 0. 0. 0. 0. 0. 1. 0. 1. 0. 0. 0. 0. 0. 0. 0. 0. 0. 0. 0. 0. 0. 0. 1. 0. 0. 0. 0. 0. 0. 0. 0. 0. 0. 0. 0. 0. 0. 0. 0. 0. 1. 0. 0. 1. 0. 0. 0. 1. 0. 0. 0. 0. 0. 0. 0. 0. 0. 0. 0. 1. 1. 1. 0. 0. 0. 0. 1. 0. 0. 0. 0. 1. 0. 1. 0. 0. 0. 0. 1. 0. 1. 0. 1. 0. 1. 0. 0. 1. 0. 0. 1. 0. 0. 0. 1. 0. 0. 0. 0. 0. 0. 0. 0. 1. 0. 0. 1. 0. 0. 0. 1. 1. 0. 0. 1. 0. 1. 0. 0. 0. 0. 0. 0. 0. 1. 0. 1. 1. 0. 0. 0. 0. 0. 0. 1. 0. 1. 0. 0. 0. 0. 1. 1. 0. 0. 0. 0. 0. 0. 0. 0. 0. 0. 1. 1. 1. 0. 0. 0. 0. 0. 0. 0. 0. 0. 0. 0. 0. 0. 1. 0. 0. 0. 1. 0. 1. 0. 1. 0. 0. 0. 0. 0. 0. 0. 1. 1. 1. 1. 0. 0. 0. 0. 0. 0. 0. 0. 0. 0. 0. 0. 0. 1. 0. 0. 1. 0. 0. 0. 0. 0. 1. 0. 0. 0. 0. 0. 0. 1. 1. 0. 1. 0. 0. 0.]
[0. 0. 0. 0. 0. 0. 0. 1. 1. 0. 0. 0. 0. 0. 0. 0. 0. 0. 0. 0. 0. 0. 0. 0. 0. 0. 0. 0. 0. 1. 0. 0. 0. 0. 0. 1. 1. 0. 0. 0. 0. 0. 0. 0. 1. 0. 1. 0. 0. 0. 0. 0. 1. 0. 0. 0. 0. 0. 0. 1. 0. 0. 0. 0. 0. 0. 1. 0. 0. 0. 1. 0. 0. 0. 0. 0. 0. 0. 0. 0. 1. 0. 0. 1. 1. 0. 0. 0. 1. 0. 0. 0. 0. 0. 0. 0. 0. 1. 0. 0. 0. 0. 0. 0. 0. 0. 0. 0. 0. 0. 0. 0. 0. 0. 0. 1. 0. 0. 0. 0. 0. 0. 0. 0. 1. 0. 0. 0. 0. 0. 0. 0. 0. 0. 0. 0. 0. 0. 1. 0. 0. 0. 1. 0. 0. 1. 0. 0. 0. 0. 0. 1. 1. 0. 0. 0. 0. 0. 1. 1. 0. 0. 0. 0. 0. 0. 1. 1. 1. 0. 1. 0. 0. 0. 0. 0. 0. 0. 0. 1. 1. 1. 0. 0. 1. 0. 0. 0. 0. 0. 1. 0. 1. 0. 0. 0. 0. 0. 0. 0. 0. 1. 0. 0. 1. 0. 0. 1. 0. 0. 0. 0. 0. 0. 1. 0. 0. 1. 0. 0. 0. 0. 0. 0. 0. 0. 0. 0. 0. 0. 0. 0. 0. 0. 0. 1. 0.]
[0. 0. 0. 0. 0. 1. 0. 0. 0. 0. 0. 0. 0. 1. 1. 0. 0. 1. 0. 0. 0. 0. 0. 1. 0. 0. 0. 0. 0. 0. 0. 0. 0. 0. 1. 0. 0. 0. 0. 1. 0. 0. 0. 0. 0. 0. 0. 0. 0. 0. 1. 0. 1. 1. 0. 0. 0. 0. 0. 1. 0. 0. 0. 0. 0. 0. 0. 0. 0. 0. 0. 0. 0. 0. 0. 0. 0. 1. 0. 1. 1. 0. 0. 0. 0. 0. 0. 0. 0. 0. 0. 0. 1. 0. 0. 1. 1. 0. 1. 0. 0. 1. 0. 1. 0. 1. 0. 0. 0. 0. 0. 0. 0. 0. 0. 0. 1. 0. 1. 0. 0. 0. 1. 0. 0. 0. 0. 0. 0. 1. 0. 0. 0. 0. 0. 0. 0. 0. 0. 0. 0. 0. 0. 0. 0. 0. 1. 0. 0. 0. 0. 0. 1. 0. 0. 0. 0. 0. 0. 0. 0. 0. 0. 1. 1. 0. 0. 0. 0. 1. 0. 0. 0. 0. 0. 0. 0. 0. 0. 1. 0. 0. 0. 0. 0. 0. 0. 0. 0. 0. 0. 0. 0. 0. 0. 0. 0. 0. 1. 0. 1. 1. 0. 0. 0. 0. 0. 0. 0. 1. 0. 0. 1. 0. 1. 0. 0. 0. 1. 1. 0. 0. 0. 0. 0. 0. 0. 0. 1. 1. 0. 0. 0. 0. 0. 0. 0.]
[1. 0. 0. 0. 0. 0. 0. 0. 0. 0. 1. 0. 0. 0. 0. 0. 0. 0. 0. 1. 0. 1. 1. 0. 1. 0. 1. 1. 0. 0. 1. 0. 0. 1. 0. 0. 1. 0. 0. 0. 0. 0. 0. 1. 0. 0. 0. 0. 0. 1. 0. 0. 1. 0. 0. 1. 1. 0. 0. 0. 0. 1. 0. 0. 1. 0. 0. 0. 1. 1. 0. 0. 0. 0. 0. 0. 0. 0. 0. 0. 0. 0. 0. 1. 0. 0. 0. 0. 0. 0. 1. 0. 1. 0. 0. 0. 0. 0. 0. 0. 0. 0. 1. 0. 0. 0. 1. 0. 0. 0. 0. 0. 0. 0. 0. 0. 0. 1. 0. 0. 0. 0. 0. 0. 1. 0. 0. 0. 0. 0. 0. 0. 0. 0. 1. 0. 1. 1. 0. 0. 0. 0. 0. 1. 0. 0. 0. 0. 0. 0. 0. 0. 1. 0. 0. 0. 0. 0. 1. 0. 0. 0. 0. 0. 0. 0. 0. 0. 0. 0. 0. 0. 1. 0. 0. 1. 0. 0. 0. 1. 0. 0. 0. 0. 1. 0. 1. 1. 1. 0. 0. 0. 0. 0. 0. 0. 0. 0. 1. 1. 0. 0. 0. 0. 0. 1. 0. 0. 0. 1. 0. 0. 0. 0. 0. 1. 0. 0. 0. 0. 0. 0. 0. 0. 1. 0. 0. 0. 0. 0. 0. 0. 1. 0. 0. 0. 1.]
[0. 0. 0. 0. 0. 1. 1. 0. 0. 0. 0. 0. 0. 0. 0. 0. 0. 0. 0. 0. 0. 0. 0. 0. 0. 0. 0. 0. 1. 1. 0. 0. 0. 0. 0. 0. 0. 1. 0. 0. 0. 0. 0. 0. 0. 1. 0. 0. 1. 1. 1. 0. 0. 0. 1. 0. 0. 0. 0. 0. 0. 0. 0. 0. 0. 0. 0. 0. 0. 0. 1. 0. 0. 0. 0. 0. 0. 0. 0. 0. 0. 0. 0. 1. 0. 1. 0. 1. 0. 0. 0. 0. 0. 0. 0. 0. 0. 1. 0. 0. 0. 0. 0. 1. 1. 0. 0. 0. 0. 0. 1. 0. 0. 0. 0. 0. 1. 0. 0. 0. 1. 1. 1. 0. 0. 0. 0. 0. 0. 0. 0. 0. 0. 0. 1. 0. 0. 0. 0. 0. 0. 0. 0. 0. 0. 0. 0. 0. 0. 0. 0. 0. 0. 1. 0. 0. 0. 0. 0. 0. 0. 0. 0. 0. 0. 0. 0. 0. 0. 0. 0. 0. 0. 0. 0. 1. 1. 0. 1. 0. 0. 0. 0. 0. 0. 0. 0. 0. 1. 0. 1. 0. 1. 0. 0. 0. 0. 0. 0. 0. 0. 0. 0. 0. 0. 0. 0. 0. 0. 0. 0. 0. 0. 0. 0. 0. 0. 0. 0. 0. 0. 0. 0. 0. 0. 0. 0. 0. 0. 0. 0. 0. 0. 0. 0. 0. 0.]
[0. 0. 1. 0. 0. 0. 0. 0. 0. 1. 1. 1. 0. 1. 0. 0. 0. 0. 0. 0. 0. 0. 0. 1. 0. 0. 0. 0. 0. 1. 0. 1. 0. 0. 0. 0. 0. 0. 0. 0. 0. 0. 0. 0. 0. 0. 1. 0. 0. 0. 0. 0. 0. 0. 0. 0. 1. 0. 0. 0. 0. 0. 0. 1. 0. 0. 0. 0. 0. 1. 0. 0. 0. 0. 0. 0. 0. 1. 0. 0. 0. 0. 0. 0. 1. 0. 0. 0. 0. 0. 0. 0. 1. 0. 0. 0. 0. 0. 1. 0. 0. 0. 1. 0. 0. 0. 0. 0. 0. 0. 0. 0. 0. 0. 0. 0. 1. 1. 0. 1. 0. 0. 0. 0. 0. 1. 0. 0. 0. 1. 0. 0. 0. 0. 0. 0. 1. 0. 0. 0. 0. 0. 0. 0. 0. 0. 0. 0. 0. 1. 0. 0. 1. 0. 0. 0. 0. 0. 0. 0. 0. 0. 0. 0. 0. 0. 0. 0. 0. 0. 0. 0. 0. 0. 0. 0. 0. 0. 0. 0. 0. 0. 0. 0. 0. 0. 0. 0. 0. 0. 0. 0. 0. 1. 0. 0. 0. 1. 0. 1. 1. 0. 0. 0. 1. 0. 1. 0. 0. 0. 0. 0. 0. 0. 0. 0. 0. 0. 0. 0. 0. 0. 0. 1. 0. 0. 0. 0. 0. 1. 0. 0. 0. 0. 0. 0. 0.]
[1. 0. 0. 1. 0. 1. 0. 0. 0. 1. 0. 0. 0. 1. 0. 0. 1. 0. 1. 0. 0. 0. 0. 1. 0. 0. 0. 0. 0. 0. 0. 1. 0. 0. 0. 0. 0. 1. 1. 0. 0. 1. 0. 0. 0. 0. 0. 0. 0. 0. 0. 0. 0. 0. 1. 0. 0. 0. 0. 1. 0. 0. 0. 0. 0. 0. 0. 0. 0. 0. 0. 0. 0. 0. 0. 0. 0. 0. 0. 0. 0. 0. 0. 0. 0. 0. 0. 0. 1. 0. 0. 1. 0. 0. 0. 0. 0. 0. 0. 0. 0. 0. 0. 0. 0. 0. 0. 0. 0. 0. 0. 0. 0. 0. 0. 0. 0. 0. 1. 0. 0. 0. 0. 0. 0. 1. 0. 0. 0. 0. 0. 0. 0. 0. 0. 0. 0. 0. 0. 0. 0. 0. 0. 1. 0. 0. 0. 0. 1. 0. 1. 0. 0. 0. 0. 0. 0. 0. 1. 0. 1. 0. 1. 0. 0. 0. 0. 0. 0. 1. 0. 0. 1. 1. 0. 0. 0. 0. 0. 0. 1. 1. 0. 0. 0. 0. 0. 0. 0. 0. 0. 0. 0. 0. 0. 0. 0. 0. 0. 1. 0. 0. 0. 0. 0. 1. 0. 0. 0. 0. 0. 0. 0. 0. 0. 0. 0. 0. 0. 0. 1. 0. 0. 1. 1. 0. 0. 0. 0. 1. 0. 0. 0. 0. 0. 0. 0.]
[0. 1. 0. 0. 0. 0. 1. 0. 0. 1. 0. 1. 0. 0. 0. 0. 0. 0. 0. 0. 0. 0. 0. 0. 0. 0. 0. 0. 0. 0. 0. 0. 0. 1. 0. 0. 0. 0. 0. 0. 1. 0. 0. 0. 0. 0. 0. 0. 0. 0. 0. 0. 0. 0. 0. 0. 0. 0. 0. 0. 0. 1. 0. 0. 0. 0. 0. 0. 0. 0. 0. 0. 0. 0. 0. 1. 0. 0. 0. 0. 0. 0. 1. 0. 0. 0. 0. 0. 0. 1. 0. 0. 0. 0. 0. 1. 1. 0. 1. 0. 0. 0. 0. 0. 0. 0. 0. 1. 0. 0. 1. 0. 0. 0. 0. 0. 0. 0. 0. 0. 1. 0. 0. 0. 0. 0. 0. 0. 0. 1. 0. 0. 0. 0. 0. 0. 0. 0. 0. 0. 0. 0. 0. 0. 0. 0. 1. 0. 1. 0. 0. 0. 0. 0. 0. 0. 0. 0. 0. 0. 0. 0. 0. 0. 0. 0. 0. 0. 0. 0. 0. 1. 0. 0. 0. 0. 0. 0. 0. 1. 0. 0. 0. 1. 0. 0. 0. 0. 1. 1. 0. 0. 0. 0. 1. 0. 0. 0. 1. 0. 0. 0. 0. 0. 0. 1. 0. 0. 0. 0. 0. 0. 0. 1. 0. 0. 0. 0. 0. 0. 0. 0. 0. 0. 0. 0. 0. 0. 1. 0. 0. 0. 0. 0. 0. 1. 1.]
[0. 0. 0. 1. 0. 1. 0. 1. 0. 0. 0. 0. 0. 0. 0. 1. 0. 1. 0. 1. 1. 0. 0. 0. 0. 0. 0. 1. 0. 0. 0. 0. 0. 0. 0. 0. 1. 0. 0. 1. 0. 0. 0. 0. 0. 0. 0. 0. 0. 0. 0. 0. 0. 0. 0. 0. 0. 0. 0. 0. 0. 0. 0. 0. 0. 0. 0. 1. 0. 1. 0. 0. 0. 0. 0. 0. 0. 0. 0. 0. 0. 0. 0. 0. 0. 0. 0. 1. 0. 0. 0. 0. 0. 0. 0. 0. 1. 1. 0. 0. 1. 0. 0. 0. 0. 0. 0. 0. 0. 1. 0. 0. 0. 0. 0. 0. 0. 0. 0. 1. 0. 0. 1. 0. 0. 0. 0. 0. 0. 0. 0. 0. 0. 0. 0. 0. 1. 0. 0. 0. 0. 1. 0. 1. 0. 0. 0. 0. 0. 0. 0. 0. 0. 0. 0. 0. 0. 0. 0. 0. 0. 0. 1. 0. 0. 0. 0. 0. 0. 0. 0. 0. 0. 1. 0. 1. 0. 0. 1. 0. 0. 0. 0. 0. 0. 0. 0. 0. 0. 1. 0. 0. 0. 0. 0. 0. 0. 1. 0. 0. 1. 0. 0. 1. 0. 0. 0. 0. 0. 1. 0. 0. 0. 0. 0. 0. 0. 0. 1. 0. 0. 0. 0. 0. 0. 0. 0. 0. 0. 0. 0. 0. 0. 0. 0. 0. 0.]
[0. 0. 0. 0. 0. 0. 1. 0. 0. 0. 0. 1. 0. 0. 0. 0. 1. 0. 1. 0. 0. 0. 0. 1. 0. 0. 0. 0. 0. 0. 0. 0. 0. 0. 0. 0. 0. 0. 1. 0. 0. 0. 0. 1. 0. 0. 0. 0. 0. 0. 0. 0. 0. 1. 0. 0. 0. 0. 0. 0. 0. 0. 0. 0. 0. 0. 0. 0. 0. 0. 0. 0. 0. 0. 0. 0. 0. 0. 1. 1. 1. 0. 0. 0. 0. 0. 0. 0. 0. 0. 1. 0. 0. 0. 0. 0. 0. 1. 0. 0. 0. 0. 1. 0. 0. 0. 0. 1. 0. 0. 1. 1. 0. 0. 1. 0. 0. 1. 0. 0. 0. 0. 1. 0. 0. 0. 0. 0. 0. 0. 1. 0. 0. 0. 0. 0. 0. 0. 0. 0. 1. 0. 0. 0. 0. 1. 0. 1. 0. 0. 0. 0. 0. 0. 0. 0. 0. 0. 0. 1. 0. 0. 1. 0. 0. 0. 1. 1. 0. 0. 0. 0. 1. 0. 0. 0. 0. 1. 1. 0. 0. 0. 0. 0. 1. 0. 1. 0. 0. 0. 0. 0. 0. 0. 0. 0. 0. 1. 0. 0. 0. 0. 0. 0. 0. 0. 0. 0. 0. 1. 0. 0. 0. 0. 0. 0. 1. 0. 0. 0. 0. 0. 0. 0. 0. 0. 0. 0. 0. 0. 0. 0. 1. 0. 0. 0. 0.]
[0. 0. 0. 0. 1. 0. 1. 0. 0. 0. 0. 0. 1. 0. 1. 0. 0. 0. 0. 0. 0. 0. 1. 0. 0. 1. 0. 0. 1. 0. 0. 0. 0. 1. 0. 0. 1. 0. 0. 1. 0. 0. 0. 0. 0. 0. 0. 0. 1. 0. 0. 1. 0. 0. 0. 0. 1. 0. 0. 0. 0. 0. 0. 1. 0. 0. 0. 0. 0. 0. 0. 0. 0. 0. 0. 0. 0. 1. 0. 1. 0. 0. 0. 0. 0. 0. 0. 0. 1. 0. 1. 0. 1. 0. 0. 1. 0. 0. 0. 0. 0. 0. 0. 0. 0. 0. 1. 1. 0. 1. 0. 0. 0. 0. 1. 0. 0. 0. 0. 0. 0. 0. 0. 1. 0. 0. 0. 0. 1. 0. 0. 0. 0. 0. 1. 0. 1. 1. 0. 0. 0. 0. 0. 0. 0. 0. 0. 0. 1. 0. 0. 0. 0. 0. 0. 0. 1. 0. 0. 0. 0. 1. 0. 0. 0. 0. 0. 0. 1. 1. 0. 1. 0. 0. 0. 0. 1. 0. 0. 0. 1. 0. 0. 0. 0. 0. 0. 0. 1. 0. 0. 0. 0. 0. 0. 0. 0. 0. 0. 1. 0. 1. 0. 0. 0. 0. 0. 0. 0. 0. 0. 0. 0. 1. 1. 0. 0. 0. 0. 0. 0. 0. 0. 0. 0. 0. 0. 0. 1. 1. 0. 0. 0. 0. 0. 1. 0.]
[0. 0. 0. 0. 1. 0. 1. 0. 1. 0. 1. 0. 1. 0. 0. 0. 0. 0. 0. 0. 0. 0. 0. 0. 0. 0. 1. 0. 1. 0. 0. 0. 0. 0. 0. 0. 0. 1. 0. 0. 0. 0. 0. 0. 0. 0. 1. 0. 0. 1. 0. 1. 0. 0. 0. 0. 0. 0. 0. 0. 0. 0. 0. 0. 0. 0. 0. 0. 1. 0. 0. 0. 0. 0. 0. 0. 0. 0. 1. 0. 0. 1. 1. 1. 0. 0. 0. 0. 0. 0. 0. 0. 0. 0. 0. 1. 0. 0. 1. 0. 1. 0. 0. 0. 0. 0. 0. 0. 0. 0. 1. 0. 1. 0. 0. 0. 0. 0. 0. 0. 0. 0. 0. 0. 0. 0. 0. 0. 0. 0. 0. 0. 0. 0. 0. 0. 0. 0. 0. 0. 0. 0. 0. 0. 0. 0. 0. 0. 0. 0. 0. 1. 0. 1. 0. 0. 0. 0. 0. 0. 0. 0. 0. 0. 0. 1. 0. 0. 0. 0. 0. 0. 0. 0. 0. 1. 0. 0. 0. 0. 0. 1. 0. 0. 0. 0. 1. 0. 0. 0. 0. 1. 1. 0. 1. 0. 0. 0. 0. 0. 1. 0. 0. 0. 0. 0. 1. 0. 0. 0. 0. 0. 0. 0. 1. 1. 0. 0. 0. 0. 0. 0. 0. 0. 0. 0. 0. 0. 0. 1. 0. 0. 0. 0. 0. 0. 0.]
[0. 0. 0. 0. 0. 0. 1. 0. 0. 0. 0. 0. 0. 0. 0. 0. 0. 0. 0. 0. 0. 0. 0. 0. 0. 0. 0. 0. 1. 0. 0. 0. 1. 0. 0. 0. 0. 1. 0. 0. 0. 0. 0. 0. 0. 0. 0. 0. 0. 0. 0. 0. 0. 0. 0. 0. 0. 1. 0. 0. 0. 0. 0. 0. 0. 0. 0. 0. 1. 0. 0. 1. 0. 1. 0. 0. 0. 0. 0. 0. 0. 0. 1. 0. 0. 0. 1. 0. 0. 0. 0. 0. 0. 0. 0. 1. 0. 0. 0. 0. 0. 0. 0. 0. 0. 0. 0. 0. 0. 0. 0. 0. 0. 1. 0. 0. 0. 0. 0. 0. 0. 0. 0. 0. 0. 1. 0. 0. 0. 0. 0. 0. 0. 0. 0. 0. 1. 0. 0. 1. 0. 0. 0. 0. 0. 0. 0. 0. 0. 0. 0. 0. 0. 0. 0. 0. 0. 0. 1. 0. 0. 1. 0. 0. 0. 0. 0. 0. 1. 1. 0. 0. 0. 0. 1. 0. 0. 0. 0. 1. 0. 0. 0. 0. 0. 0. 0. 0. 0. 1. 0. 0. 0. 0. 0. 0. 0. 0. 0. 0. 0. 0. 0. 0. 0. 0. 0. 0. 1. 0. 0. 0. 0. 0. 1. 0. 0. 0. 0. 0. 1. 0. 0. 0. 0. 0. 0. 1. 0. 0. 1. 0. 0. 0. 0. 0. 0.]
[1. 0. 0. 0. 0. 0. 0. 0. 0. 0. 0. 0. 0. 0. 0. 0. 1. 0. 0. 0. 0. 0. 1. 0. 1. 0. 0. 0. 0. 0. 0. 1. 0. 0. 0. 0. 1. 0. 0. 0. 0. 0. 1. 0. 1. 0. 0. 0. 0. 1. 0. 0. 0. 0. 0. 0. 0. 0. 0. 0. 0. 0. 0. 0. 0. 0. 0. 0. 0. 0. 0. 0. 0. 1. 1. 0. 0. 0. 0. 0. 0. 0. 0. 1. 0. 0. 1. 0. 0. 0. 1. 0. 0. 0. 0. 0. 0. 0. 0. 0. 0. 1. 0. 1. 0. 0. 0. 0. 0. 0. 0. 0. 0. 0. 0. 0. 0. 0. 0. 0. 1. 0. 0. 0. 0. 0. 0. 1. 0. 0. 1. 0. 0. 0. 1. 1. 0. 0. 0. 0. 0. 0. 1. 0. 1. 0. 0. 1. 1. 0. 0. 0. 0. 0. 0. 0. 1. 0. 0. 0. 0. 0. 0. 1. 0. 0. 0. 0. 0. 0. 1. 0. 0. 0. 0. 0. 1. 0. 0. 0. 0. 0. 0. 0. 0. 0. 0. 0. 0. 0. 0. 0. 0. 0. 0. 1. 1. 0. 0. 1. 0. 1. 0. 0. 1. 0. 0. 0. 0. 0. 0. 0. 0. 0. 1. 0. 0. 1. 0. 1. 0. 0. 0. 0. 0. 0. 0. 1. 0. 0. 0. 0. 1. 0. 0. 0. 0.]
[0. 0. 0. 0. 0. 0. 1. 0. 1. 0. 1. 0. 0. 0. 0. 1. 0. 1. 0. 0. 0. 0. 0. 0. 0. 0. 0. 0. 0. 1. 0. 1. 0. 0. 0. 0. 0. 1. 1. 0. 1. 0. 0. 0. 0. 0. 0. 0. 0. 1. 0. 0. 0. 0. 0. 0. 0. 0. 0. 0. 1. 0. 0. 0. 0. 0. 1. 0. 1. 0. 0. 0. 1. 0. 0. 0. 1. 0. 0. 0. 0. 0. 0. 0. 0. 1. 0. 0. 0. 0. 1. 0. 0. 1. 0. 0. 1. 0. 1. 0. 0. 0. 0. 0. 0. 0. 0. 0. 0. 1. 0. 1. 1. 0. 0. 1. 1. 0. 0. 0. 0. 1. 0. 0. 0. 1. 0. 1. 0. 0. 0. 0. 0. 0. 0. 0. 0. 0. 0. 0. 0. 0. 0. 0. 0. 0. 0. 0. 0. 1. 0. 0. 1. 1. 0. 0. 0. 0. 0. 0. 1. 1. 0. 0. 1. 0. 0. 0. 0. 1. 0. 1. 1. 0. 0. 1. 0. 1. 0. 0. 0. 0. 0. 0. 1. 0. 0. 0. 0. 0. 0. 0. 0. 0. 0. 0. 0. 1. 1. 1. 0. 0. 0. 1. 0. 1. 0. 1. 0. 0. 0. 0. 1. 0. 0. 0. 0. 0. 0. 0. 0. 0. 0. 0. 0. 0. 0. 0. 0. 0. 0. 1. 0. 1. 0. 0. 1.]
[0. 0. 0. 0. 0. 0. 1. 0. 1. 0. 0. 0. 0. 0. 0. 1. 0. 0. 0. 0. 0. 0. 0. 1. 0. 0. 0. 1. 0. 0. 0. 0. 0. 0. 1. 0. 0. 1. 0. 0. 0. 0. 1. 0. 0. 0. 0. 0. 0. 0. 1. 0. 0. 0. 0. 0. 0. 0. 0. 0. 0. 0. 0. 1. 0. 0. 0. 1. 1. 0. 0. 1. 0. 0. 0. 0. 0. 0. 0. 1. 1. 0. 0. 0. 0. 0. 0. 0. 1. 0. 0. 0. 0. 0. 0. 0. 0. 0. 0. 0. 0. 0. 0. 0. 0. 1. 0. 0. 0. 0. 0. 1. 0. 0. 0. 0. 0. 0. 0. 0. 0. 0. 0. 0. 0. 0. 0. 0. 0. 0. 0. 0. 0. 0. 0. 0. 0. 0. 0. 0. 0. 0. 0. 0. 1. 0. 0. 0. 0. 0. 0. 0. 0. 0. 0. 0. 0. 0. 0. 0. 0. 1. 0. 0. 0. 0. 1. 1. 0. 0. 0. 0. 0. 0. 0. 1. 0. 0. 0. 0. 0. 0. 0. 0. 0. 1. 0. 0. 0. 0. 0. 0. 0. 0. 0. 0. 0. 0. 1. 1. 0. 0. 0. 0. 1. 0. 0. 0. 0. 0. 0. 0. 1. 0. 0. 0. 0. 0. 0. 0. 0. 1. 0. 0. 0. 0. 1. 0. 1. 0. 0. 0. 1. 1. 0. 0. 0.]
[0. 0. 0. 0. 0. 0. 0. 0. 0. 1. 0. 0. 0. 0. 0. 0. 0. 0. 0. 0. 0. 0. 0. 0. 0. 0. 0. 0. 0. 1. 0. 0. 0. 0. 0. 1. 0. 0. 0. 1. 0. 1. 0. 0. 0. 0. 0. 0. 0. 0. 0. 0. 1. 1. 0. 0. 0. 0. 0. 1. 0. 0. 0. 0. 0. 0. 0. 0. 1. 0. 0. 0. 0. 0. 1. 0. 0. 0. 0. 1. 0. 0. 0. 0. 0. 0. 0. 0. 0. 0. 1. 1. 0. 0. 0. 0. 0. 0. 0. 1. 0. 0. 0. 0. 0. 0. 1. 0. 0. 0. 0. 0. 0. 0. 0. 1. 0. 0. 0. 0. 0. 0. 0. 0. 0. 1. 0. 0. 0. 0. 1. 1. 0. 1. 0. 0. 0. 0. 0. 0. 1. 0. 0. 0. 0. 0. 0. 0. 0. 0. 0. 0. 0. 0. 0. 0. 0. 0. 0. 0. 0. 1. 0. 0. 0. 0. 1. 1. 0. 0. 0. 0. 0. 0. 1. 0. 0. 1. 0. 0. 0. 0. 0. 0. 0. 0. 0. 1. 0. 0. 0. 0. 0. 0. 1. 0. 0. 1. 0. 0. 1. 0. 0. 0. 1. 0. 0. 1. 0. 0. 0. 0. 0. 0. 0. 0. 0. 0. 1. 0. 1. 0. 0. 0. 0. 1. 0. 0. 0. 0. 0. 0. 1. 0. 1. 0. 0.]
[0. 0. 0. 0. 0. 0. 0. 0. 0. 0. 0. 0. 0. 0. 0. 1. 1. 0. 0. 0. 1. 0. 0. 0. 0. 0. 1. 0. 1. 0. 0. 0. 0. 0. 1. 0. 1. 0. 0. 0. 0. 1. 0. 0. 1. 0. 0. 0. 0. 0. 0. 1. 1. 0. 0. 0. 0. 0. 0. 0. 0. 1. 0. 0. 0. 1. 1. 0. 0. 0. 0. 0. 0. 0. 0. 0. 0. 0. 0. 0. 1. 0. 0. 1. 0. 0. 0. 0. 0. 0. 0. 0. 0. 1. 0. 0. 0. 0. 0. 0. 0. 0. 0. 1. 0. 0. 1. 0. 0. 0. 0. 0. 0. 0. 0. 0. 0. 0. 0. 1. 0. 0. 0. 0. 0. 0. 0. 0. 0. 0. 0. 0. 0. 0. 0. 1. 1. 0. 0. 0. 0. 0. 0. 0. 0. 0. 1. 0. 0. 0. 1. 0. 0. 0. 0. 0. 0. 0. 0. 1. 0. 0. 0. 1. 1. 0. 0. 0. 1. 0. 1. 0. 0. 0. 0. 0. 1. 0. 0. 1. 1. 0. 0. 0. 0. 0. 0. 0. 0. 0. 0. 0. 0. 0. 0. 0. 0. 0. 0. 1. 0. 0. 0. 1. 0. 0. 0. 0. 1. 0. 0. 0. 0. 0. 0. 1. 0. 1. 1. 0. 0. 0. 1. 0. 0. 0. 0. 0. 0. 0. 1. 1. 0. 0. 1. 0. 1.]
[0. 0. 1. 1. 0. 0. 0. 0. 1. 0. 1. 0. 0. 0. 0. 0. 0. 1. 0. 0. 0. 0. 0. 0. 0. 0. 0. 1. 0. 0. 0. 0. 1. 0. 1. 0. 1. 0. 0. 0. 0. 0. 0. 0. 0. 0. 0. 0. 0. 0. 0. 0. 0. 0. 0. 0. 0. 0. 0. 1. 0. 1. 0. 0. 0. 0. 1. 0. 0. 0. 1. 0. 0. 0. 0. 0. 0. 0. 0. 0. 0. 0. 0. 0. 1. 0. 0. 0. 0. 0. 1. 0. 0. 0. 1. 0. 0. 0. 0. 0. 0. 0. 0. 0. 0. 1. 0. 1. 0. 0. 0. 0. 0. 0. 0. 0. 0. 0. 0. 0. 0. 1. 1. 0. 0. 0. 1. 0. 0. 0. 0. 1. 0. 0. 0. 1. 1. 0. 0. 1. 0. 0. 0. 0. 0. 0. 0. 0. 1. 1. 0. 1. 0. 0. 1. 0. 0. 1. 0. 0. 0. 0. 0. 0. 0. 0. 0. 0. 0. 1. 0. 0. 0. 0. 0. 0. 0. 0. 0. 0. 0. 0. 1. 0. 0. 0. 0. 0. 0. 0. 0. 0. 0. 0. 0. 0. 0. 0. 0. 1. 0. 0. 0. 1. 0. 0. 0. 0. 1. 0. 0. 0. 0. 0. 0. 0. 0. 0. 0. 0. 0. 1. 0. 0. 1. 0. 0. 0. 0. 0. 0. 0. 0. 0. 1. 0. 0.]
[1. 0. 0. 0. 0. 0. 0. 0. 0. 0. 1. 0. 0. 0. 0. 0. 1. 0. 0. 1. 0. 0. 0. 0. 0. 1. 0. 0. 0. 0. 0. 0. 0. 0. 0. 0. 1. 0. 0. 0. 0. 0. 0. 1. 0. 0. 0. 0. 0. 0. 1. 1. 0. 0. 1. 0. 0. 1. 0. 0. 1. 0. 0. 0. 1. 1. 0. 0. 0. 0. 0. 0. 0. 0. 0. 0. 0. 1. 0. 1. 0. 0. 0. 0. 0. 0. 0. 0. 1. 0. 0. 0. 0. 0. 0. 0. 0. 0. 0. 0. 0. 0. 0. 0. 0. 0. 0. 0. 0. 0. 0. 1. 1. 1. 0. 0. 0. 0. 0. 0. 0. 0. 0. 0. 1. 0. 1. 0. 0. 0. 0. 1. 0. 0. 0. 0. 0. 0. 0. 0. 1. 0. 0. 0. 1. 0. 1. 0. 0. 0. 0. 0. 0. 0. 0. 0. 0. 0. 0. 0. 0. 0. 0. 0. 1. 1. 0. 1. 0. 0. 0. 0. 1. 0. 0. 0. 0. 0. 0. 0. 1. 1. 0. 0. 0. 0. 0. 0. 0. 0. 0. 0. 0. 0. 0. 0. 0. 0. 0. 0. 0. 0. 0. 0. 0. 0. 0. 1. 1. 0. 0. 0. 0. 0. 0. 0. 0. 0. 0. 1. 0. 0. 0. 0. 0. 0. 0. 0. 0. 1. 0. 0. 0. 0. 0. 0. 0.]
[0. 0. 0. 0. 0. 0. 0. 0. 0. 0. 0. 0. 0. 0. 0. 0. 0. 1. 0. 0. 0. 0. 0. 0. 0. 0. 0. 0. 1. 0. 1. 0. 0. 0. 0. 0. 0. 0. 1. 0. 0. 0. 0. 0. 0. 0. 0. 0. 0. 0. 0. 0. 1. 0. 0. 1. 1. 1. 1. 0. 0. 0. 0. 1. 0. 0. 0. 0. 0. 0. 0. 0. 0. 1. 0. 1. 1. 0. 0. 0. 0. 1. 0. 0. 0. 0. 0. 0. 0. 1. 0. 0. 0. 0. 0. 0. 0. 0. 1. 0. 0. 1. 1. 0. 0. 0. 0. 0. 0. 0. 1. 0. 0. 0. 0. 0. 0. 0. 1. 1. 0. 0. 1. 1. 0. 1. 0. 0. 0. 0. 0. 1. 0. 0. 0. 0. 0. 0. 0. 0. 0. 1. 0. 0. 0. 0. 0. 0. 1. 0. 0. 0. 0. 0. 0. 0. 0. 0. 0. 0. 1. 0. 0. 0. 0. 0. 0. 0. 1. 0. 1. 0. 0. 1. 0. 0. 0. 0. 0. 0. 0. 0. 0. 0. 1. 0. 0. 1. 0. 0. 0. 0. 0. 0. 0. 0. 0. 0. 1. 0. 0. 0. 0. 1. 0. 0. 0. 0. 1. 1. 0. 0. 0. 0. 0. 0. 0. 0. 0. 0. 0. 0. 0. 1. 0. 1. 1. 0. 0. 1. 0. 0. 0. 0. 0. 0. 0.]
[1. 0. 1. 0. 0. 0. 0. 0. 0. 0. 0. 1. 0. 0. 0. 0. 0. 1. 0. 0. 0. 0. 1. 0. 0. 0. 0. 0. 0. 0. 0. 1. 0. 0. 1. 0. 0. 0. 0. 0. 0. 0. 0. 0. 0. 1. 1. 0. 0. 0. 0. 0. 0. 0. 1. 0. 0. 0. 0. 0. 1. 0. 0. 0. 0. 0. 0. 1. 0. 0. 1. 0. 0. 0. 1. 0. 0. 1. 0. 0. 0. 0. 0. 0. 0. 0. 0. 0. 0. 0. 0. 1. 0. 0. 0. 0. 1. 0. 1. 0. 0. 0. 1. 0. 0. 0. 1. 0. 1. 0. 0. 0. 0. 0. 0. 1. 0. 1. 0. 0. 0. 0. 0. 0. 0. 0. 0. 0. 0. 1. 0. 0. 0. 0. 0. 0. 0. 0. 1. 0. 0. 1. 0. 0. 0. 0. 0. 0. 0. 0. 1. 0. 0. 0. 0. 0. 0. 0. 0. 0. 0. 0. 0. 0. 0. 0. 1. 0. 0. 0. 0. 0. 0. 0. 0. 1. 1. 0. 1. 0. 1. 1. 0. 0. 0. 0. 0. 0. 0. 0. 0. 0. 0. 0. 0. 0. 1. 0. 0. 0. 1. 0. 0. 1. 0. 0. 0. 0. 0. 0. 0. 0. 1. 0. 1. 0. 0. 0. 0. 0. 0. 0. 0. 0. 0. 0. 0. 0. 0. 1. 0. 1. 0. 0. 0. 0. 0.]
[0. 1. 0. 0. 0. 0. 0. 0. 0. 0. 0. 0. 0. 0. 0. 0. 1. 0. 1. 0. 0. 0. 0. 0. 1. 0. 1. 0. 0. 0. 0. 0. 0. 0. 1. 0. 1. 0. 0. 1. 0. 0. 0. 0. 0. 0. 0. 0. 1. 0. 0. 0. 1. 0. 1. 0. 0. 0. 1. 0. 1. 0. 0. 1. 0. 0. 1. 0. 0. 0. 0. 0. 0. 1. 0. 0. 0. 0. 0. 0. 0. 0. 0. 0. 0. 0. 1. 0. 0. 0. 0. 0. 0. 1. 0. 0. 0. 0. 0. 0. 0. 0. 0. 0. 0. 1. 1. 0. 0. 0. 0. 0. 0. 0. 0. 0. 0. 1. 0. 0. 1. 1. 0. 1. 0. 0. 0. 0. 1. 1. 0. 0. 0. 0. 0. 1. 0. 0. 0. 0. 0. 0. 1. 0. 0. 0. 0. 0. 0. 0. 0. 1. 0. 0. 0. 0. 1. 0. 0. 0. 0. 0. 0. 0. 0. 0. 0. 0. 1. 0. 0. 0. 1. 0. 0. 1. 0. 0. 0. 0. 0. 1. 0. 0. 0. 1. 1. 0. 0. 0. 0. 0. 0. 0. 0. 0. 0. 0. 0. 0. 1. 0. 0. 0. 0. 0. 0. 0. 0. 0. 0. 0. 0. 1. 0. 0. 0. 0. 0. 0. 0. 0. 0. 0. 0. 0. 0. 1. 0. 0. 0. 0. 0. 0. 0. 0. 1.]
[0. 0. 0. 1. 1. 0. 0. 0. 0. 1. 0. 0. 0. 1. 0. 0. 0. 0. 0. 0. 1. 0. 0. 0. 1. 0. 1. 0. 0. 1. 0. 1. 0. 0. 0. 0. 0. 0. 0. 0. 1. 1. 0. 0. 0. 0. 0. 0. 0. 0. 0. 0. 0. 0. 1. 0. 0. 0. 1. 0. 0. 0. 0. 0. 0. 0. 1. 0. 0. 0. 0. 0. 0. 0. 0. 1. 0. 0. 0. 1. 1. 0. 0. 0. 0. 1. 1. 0. 0. 0. 0. 0. 1. 0. 0. 0. 0. 0. 1. 1. 0. 0. 0. 1. 0. 0. 0. 0. 1. 0. 0. 0. 0. 1. 0. 0. 0. 0. 0. 0. 0. 0. 0. 0. 0. 0. 0. 0. 0. 0. 0. 0. 0. 0. 0. 0. 1. 0. 1. 0. 0. 0. 0. 0. 0. 1. 0. 0. 0. 0. 1. 1. 0. 0. 0. 0. 0. 0. 0. 0. 0. 0. 0. 0. 1. 1. 0. 0. 0. 0. 0. 0. 0. 0. 0. 0. 0. 0. 0. 0. 1. 0. 0. 1. 0. 1. 1. 0. 0. 0. 0. 0. 0. 0. 0. 0. 0. 0. 0. 0. 0. 0. 0. 0. 0. 0. 1. 0. 1. 0. 0. 0. 0. 0. 1. 0. 0. 0. 0. 0. 0. 0. 0. 0. 0. 1. 0. 0. 0. 0. 0. 0. 0. 0. 0. 0. 0.]
[0. 0. 0. 0. 0. 0. 0. 1. 0. 0. 1. 0. 1. 0. 1. 0. 0. 0. 0. 0. 0. 0. 1. 0. 0. 0. 1. 0. 1. 1. 0. 0. 0. 0. 0. 0. 0. 0. 0. 1. 0. 0. 0. 0. 0. 1. 0. 0. 0. 1. 0. 0. 0. 0. 0. 0. 0. 0. 0. 0. 0. 0. 0. 0. 0. 0. 0. 0. 0. 1. 0. 0. 0. 0. 0. 0. 1. 0. 0. 0. 0. 0. 0. 0. 0. 0. 1. 0. 0. 0. 0. 0. 0. 0. 0. 0. 1. 0. 0. 0. 1. 0. 0. 0. 0. 1. 0. 0. 0. 0. 0. 0. 0. 0. 0. 0. 0. 1. 0. 0. 1. 0. 1. 1. 0. 0. 0. 0. 0. 0. 1. 0. 0. 0. 0. 1. 0. 0. 0. 0. 0. 0. 1. 1. 1. 0. 0. 0. 1. 0. 0. 0. 1. 0. 0. 0. 0. 0. 0. 0. 0. 0. 0. 0. 0. 1. 0. 0. 0. 0. 0. 0. 0. 0. 0. 0. 0. 0. 0. 1. 1. 1. 0. 0. 0. 0. 0. 1. 0. 1. 0. 0. 0. 0. 1. 1. 1. 0. 0. 0. 0. 1. 1. 0. 0. 0. 0. 0. 0. 0. 1. 0. 0. 0. 0. 1. 0. 0. 0. 0. 0. 0. 0. 0. 0. 0. 0. 0. 1. 0. 0. 0. 0. 0. 1. 0. 0.]
[0. 0. 0. 0. 0. 0. 0. 0. 0. 0. 0. 0. 0. 0. 1. 0. 0. 0. 0. 0. 0. 1. 0. 0. 0. 0. 0. 0. 0. 0. 0. 1. 0. 1. 0. 0. 0. 0. 0. 0. 1. 1. 0. 0. 0. 0. 0. 0. 0. 1. 0. 0. 0. 0. 0. 0. 0. 0. 0. 0. 0. 0. 0. 0. 0. 0. 1. 0. 1. 0. 0. 0. 0. 1. 0. 0. 1. 0. 0. 0. 0. 0. 1. 0. 0. 1. 0. 0. 0. 0. 1. 0. 0. 0. 1. 0. 0. 0. 0. 0. 1. 0. 0. 0. 0. 0. 0. 1. 0. 0. 0. 0. 0. 1. 0. 0. 0. 0. 0. 0. 1. 0. 1. 0. 0. 0. 0. 0. 0. 0. 0. 0. 0. 0. 0. 0. 1. 0. 0. 0. 0. 0. 0. 0. 0. 0. 0. 0. 0. 0. 1. 0. 0. 0. 0. 0. 0. 0. 0. 0. 0. 0. 0. 0. 0. 0. 0. 0. 0. 0. 1. 0. 0. 1. 0. 0. 0. 0. 1. 0. 0. 1. 0. 0. 1. 0. 0. 0. 0. 1. 0. 0. 1. 0. 1. 0. 0. 0. 0. 0. 0. 0. 1. 0. 0. 0. 1. 0. 0. 0. 0. 1. 0. 0. 0. 0. 0. 0. 0. 0. 0. 0. 0. 0. 0. 0. 0. 1. 0. 0. 0. 0. 0. 0. 0. 0. 0.]
[1. 1. 0. 1. 0. 1. 1. 0. 0. 0. 0. 1. 0. 0. 1. 0. 0. 0. 0. 0. 0. 0. 0. 0. 0. 1. 0. 0. 0. 1. 0. 0. 0. 0. 0. 0. 0. 0. 0. 1. 0. 0. 1. 1. 0. 0. 1. 0. 0. 0. 0. 1. 0. 0. 0. 1. 0. 0. 0. 0. 0. 0. 0. 0. 0. 0. 0. 1. 0. 1. 1. 0. 0. 0. 0. 0. 0. 0. 1. 0. 1. 0. 0. 1. 0. 0. 0. 0. 1. 0. 0. 1. 0. 0. 0. 0. 0. 0. 0. 1. 1. 1. 0. 1. 0. 0. 0. 0. 1. 1. 0. 0. 0. 0. 0. 0. 0. 0. 0. 0. 0. 0. 0. 0. 0. 0. 0. 0. 1. 1. 1. 0. 0. 0. 0. 0. 0. 0. 0. 0. 1. 0. 0. 0. 0. 0. 0. 0. 0. 0. 0. 0. 0. 1. 0. 0. 0. 0. 0. 0. 0. 0. 0. 0. 0. 0. 0. 0. 0. 1. 0. 0. 0. 0. 0. 1. 0. 0. 1. 0. 0. 0. 1. 0. 0. 0. 0. 0. 0. 0. 0. 1. 0. 0. 0. 0. 0. 0. 0. 0. 0. 0. 0. 1. 1. 0. 0. 0. 0. 1. 1. 0. 0. 0. 0. 0. 0. 0. 0. 0. 0. 0. 0. 0. 1. 0. 0. 0. 0. 0. 0. 0. 0. 0. 0. 1. 0.]
[0. 1. 0. 0. 0. 0. 0. 0. 0. 0. 0. 0. 0. 0. 0. 0. 0. 1. 0. 0. 0. 0. 0. 0. 0. 1. 0. 1. 0. 0. 1. 0. 0. 0. 1. 0. 0. 0. 1. 1. 1. 0. 0. 0. 0. 0. 0. 1. 0. 0. 0. 0. 0. 0. 0. 1. 1. 0. 0. 0. 0. 0. 0. 0. 0. 0. 0. 0. 0. 0. 0. 1. 0. 0. 0. 0. 0. 0. 0. 1. 0. 0. 0. 0. 0. 0. 0. 0. 0. 0. 0. 1. 0. 0. 0. 0. 0. 1. 0. 0. 0. 0. 0. 0. 0. 1. 0. 1. 0. 1. 0. 0. 0. 0. 1. 0. 0. 1. 0. 1. 0. 1. 0. 0. 0. 0. 0. 0. 0. 0. 0. 0. 0. 0. 0. 0. 0. 0. 0. 0. 1. 0. 0. 0. 0. 0. 0. 0. 0. 0. 0. 1. 0. 0. 0. 0. 0. 1. 1. 1. 0. 0. 0. 0. 0. 0. 0. 0. 1. 1. 0. 0. 1. 0. 0. 0. 0. 0. 0. 0. 1. 0. 0. 0. 0. 0. 1. 0. 0. 0. 0. 0. 0. 0. 0. 0. 0. 0. 0. 0. 0. 0. 0. 0. 0. 0. 0. 0. 0. 0. 0. 0. 0. 0. 1. 0. 0. 0. 0. 1. 0. 0. 0. 0. 0. 1. 1. 0. 0. 0. 0. 0. 0. 0. 1. 0. 1.]
[0. 1. 1. 0. 1. 1. 0. 0. 0. 0. 0. 1. 0. 0. 0. 1. 0. 1. 0. 0. 0. 0. 0. 0. 1. 0. 1. 0. 0. 0. 0. 0. 0. 0. 0. 0. 0. 1. 0. 0. 0. 0. 0. 0. 1. 0. 1. 1. 0. 1. 0. 0. 0. 0. 0. 0. 0. 0. 0. 0. 0. 0. 0. 0. 0. 0. 0. 0. 0. 0. 0. 0. 0. 0. 0. 0. 0. 0. 0. 0. 1. 0. 1. 0. 0. 0. 0. 0. 1. 1. 0. 0. 0. 0. 0. 1. 0. 0. 0. 0. 0. 0. 0. 0. 0. 0. 0. 0. 0. 0. 1. 0. 0. 0. 0. 0. 0. 0. 1. 0. 1. 0. 1. 0. 0. 0. 1. 0. 0. 1. 0. 0. 0. 0. 0. 0. 0. 0. 0. 0. 0. 0. 0. 0. 0. 1. 1. 0. 1. 0. 0. 1. 0. 0. 0. 1. 0. 0. 1. 0. 0. 0. 0. 1. 1. 0. 0. 1. 0. 0. 0. 0. 0. 0. 0. 0. 1. 0. 1. 1. 0. 0. 0. 0. 0. 0. 0. 0. 0. 1. 0. 0. 0. 0. 0. 0. 0. 0. 0. 0. 0. 0. 0. 0. 0. 0. 0. 0. 1. 0. 0. 0. 0. 0. 0. 0. 1. 0. 0. 0. 0. 0. 0. 1. 1. 0. 0. 1. 1. 0. 0. 0. 0. 0. 1. 0. 0.]
[0. 0. 1. 0. 1. 0. 0. 0. 0. 0. 0. 0. 0. 0. 0. 0. 0. 0. 0. 0. 0. 1. 0. 0. 0. 0. 0. 0. 0. 0. 0. 0. 0. 0. 0. 0. 0. 0. 0. 0. 0. 0. 1. 0. 0. 0. 0. 1. 1. 0. 0. 0. 0. 0. 0. 0. 0. 0. 0. 0. 1. 0. 0. 0. 0. 0. 0. 0. 0. 1. 0. 0. 0. 0. 1. 1. 0. 0. 0. 0. 0. 0. 0. 1. 0. 0. 0. 1. 1. 0. 0. 0. 0. 0. 0. 0. 0. 0. 0. 0. 0. 1. 0. 0. 0. 0. 0. 0. 0. 0. 0. 1. 1. 0. 0. 0. 0. 0. 0. 0. 0. 1. 1. 0. 1. 0. 0. 0. 0. 0. 0. 0. 0. 0. 0. 0. 0. 0. 0. 0. 0. 0. 0. 0. 0. 0. 0. 0. 0. 0. 0. 0. 0. 0. 0. 0. 1. 0. 0. 0. 1. 0. 0. 0. 0. 0. 0. 0. 0. 0. 0. 0. 0. 0. 0. 0. 0. 0. 0. 0. 0. 0. 0. 1. 0. 0. 0. 0. 0. 0. 0. 0. 0. 0. 0. 0. 0. 0. 0. 0. 0. 0. 0. 0. 0. 1. 1. 1. 1. 1. 0. 0. 0. 1. 0. 0. 0. 0. 0. 0. 0. 1. 0. 0. 0. 1. 0. 1. 1. 1. 0. 0. 0. 0. 1. 1. 1.]
[0. 0. 0. 0. 0. 0. 0. 0. 0. 0. 0. 0. 0. 1. 0. 1. 0. 0. 0. 0. 0. 1. 0. 1. 0. 0. 0. 0. 0. 0. 0. 1. 0. 0. 0. 0. 1. 0. 0. 1. 0. 0. 0. 0. 0. 0. 0. 0. 0. 0. 0. 0. 0. 0. 0. 0. 1. 1. 0. 0. 0. 0. 1. 0. 0. 0. 0. 1. 0. 0. 1. 0. 0. 0. 0. 0. 1. 0. 0. 1. 0. 0. 0. 0. 0. 0. 0. 0. 1. 0. 0. 0. 0. 1. 0. 0. 0. 0. 0. 0. 0. 0. 1. 0. 0. 0. 1. 1. 1. 0. 0. 0. 0. 0. 0. 1. 0. 0. 1. 1. 0. 0. 0. 0. 1. 1. 0. 1. 0. 0. 0. 0. 0. 0. 0. 0. 0. 0. 0. 0. 0. 0. 1. 0. 0. 1. 0. 0. 0. 0. 0. 0. 0. 0. 1. 1. 0. 0. 0. 1. 0. 0. 0. 0. 0. 0. 0. 0. 1. 0. 0. 0. 1. 0. 0. 0. 0. 1. 1. 0. 0. 0. 0. 0. 0. 0. 0. 0. 0. 1. 1. 0. 0. 0. 1. 0. 0. 0. 0. 0. 1. 0. 0. 0. 0. 0. 0. 0. 0. 1. 1. 0. 0. 0. 0. 0. 0. 1. 0. 1. 0. 0. 0. 0. 0. 0. 0. 0. 0. 0. 0. 0. 1. 0. 0. 0. 0.]
[0. 0. 0. 0. 0. 0. 0. 0. 0. 1. 1. 0. 0. 0. 0. 0. 0. 0. 0. 0. 0. 0. 0. 1. 1. 0. 0. 0. 0. 0. 0. 0. 0. 0. 0. 0. 1. 0. 0. 0. 0. 0. 0. 0. 0. 0. 0. 0. 0. 1. 1. 0. 0. 1. 0. 0. 0. 0. 0. 0. 0. 0. 0. 0. 0. 0. 0. 0. 1. 1. 0. 0. 1. 0. 0. 0. 0. 1. 0. 0. 0. 0. 0. 0. 1. 0. 1. 0. 0. 0. 0. 0. 0. 0. 0. 0. 0. 0. 0. 0. 0. 0. 1. 0. 0. 1. 0. 0. 0. 0. 1. 0. 0. 0. 0. 0. 0. 1. 0. 0. 0. 0. 0. 0. 0. 0. 0. 0. 0. 0. 0. 1. 0. 0. 0. 1. 0. 0. 0. 0. 0. 0. 0. 0. 0. 1. 0. 0. 0. 1. 1. 0. 1. 1. 1. 0. 0. 0. 0. 0. 1. 0. 1. 0. 0. 0. 0. 0. 0. 0. 1. 0. 0. 0. 0. 0. 0. 0. 0. 0. 0. 0. 0. 0. 0. 0. 0. 0. 1. 0. 1. 0. 0. 0. 0. 1. 0. 0. 0. 0. 0. 0. 0. 0. 0. 0. 1. 0. 0. 0. 0. 0. 0. 0. 0. 0. 0. 0. 0. 0. 0. 0. 0. 0. 0. 0. 0. 0. 0. 0. 0. 0. 0. 0. 0. 0. 0.]
[0. 0. 0. 0. 0. 1. 0. 0. 1. 0. 0. 0. 0. 0. 0. 0. 1. 0. 0. 0. 1. 0. 0. 0. 1. 1. 0. 0. 0. 0. 0. 0. 0. 0. 0. 0. 0. 0. 0. 0. 0. 1. 0. 1. 1. 0. 1. 0. 1. 0. 0. 1. 0. 0. 0. 0. 0. 0. 0. 0. 0. 0. 0. 1. 1. 0. 1. 1. 0. 0. 0. 1. 1. 0. 1. 0. 0. 0. 0. 0. 0. 1. 0. 0. 0. 0. 0. 0. 0. 0. 0. 0. 0. 0. 0. 0. 0. 0. 1. 0. 0. 0. 0. 0. 0. 0. 0. 0. 1. 0. 0. 0. 0. 1. 1. 0. 1. 0. 0. 0. 0. 0. 0. 0. 0. 0. 0. 0. 0. 0. 0. 0. 0. 1. 0. 0. 0. 0. 0. 0. 0. 0. 0. 0. 0. 0. 0. 0. 0. 1. 0. 0. 0. 1. 1. 0. 0. 1. 0. 0. 0. 0. 0. 0. 0. 1. 0. 1. 0. 0. 0. 0. 0. 1. 0. 0. 0. 0. 0. 1. 0. 1. 0. 1. 1. 0. 1. 1. 0. 0. 0. 0. 0. 0. 0. 1. 0. 0. 0. 0. 1. 0. 0. 1. 1. 0. 0. 1. 0. 0. 0. 0. 0. 1. 0. 0. 0. 0. 0. 0. 0. 0. 0. 0. 0. 0. 0. 0. 0. 0. 0. 1. 0. 0. 0. 0. 0.]
[0. 0. 1. 0. 0. 0. 0. 0. 0. 1. 0. 1. 0. 1. 0. 0. 1. 1. 0. 0. 0. 0. 0. 1. 0. 0. 0. 0. 0. 1. 0. 0. 0. 0. 0. 0. 0. 0. 0. 0. 0. 1. 0. 0. 1. 0. 0. 0. 1. 1. 0. 0. 0. 1. 0. 1. 0. 0. 0. 0. 0. 0. 1. 0. 1. 0. 0. 0. 0. 0. 1. 1. 0. 0. 0. 0. 0. 0. 1. 0. 0. 0. 0. 0. 0. 0. 0. 1. 0. 0. 0. 0. 0. 0. 0. 0. 0. 0. 1. 0. 0. 0. 0. 0. 0. 1. 0. 0. 0. 0. 0. 0. 0. 0. 0. 0. 1. 0. 1. 0. 1. 1. 0. 1. 0. 0. 1. 0. 0. 0. 0. 0. 0. 0. 0. 0. 0. 0. 0. 0. 0. 1. 0. 0. 0. 0. 0. 0. 0. 0. 0. 0. 0. 0. 0. 0. 0. 0. 0. 1. 0. 0. 0. 0. 0. 0. 0. 0. 0. 1. 0. 0. 0. 0. 0. 1. 1. 0. 0. 0. 0. 0. 0. 0. 0. 0. 0. 0. 0. 0. 0. 0. 0. 0. 0. 0. 0. 0. 0. 0. 1. 0. 0. 0. 0. 1. 0. 0. 0. 0. 0. 0. 0. 0. 0. 0. 0. 0. 0. 0. 0. 0. 0. 0. 0. 0. 0. 0. 0. 1. 0. 1. 0. 0. 0. 0. 1.]
[1. 0. 1. 1. 1. 1. 0. 1. 0. 0. 0. 1. 0. 0. 1. 0. 0. 0. 0. 0. 0. 0. 1. 0. 0. 0. 0. 1. 0. 0. 0. 0. 0. 0. 0. 0. 0. 0. 0. 0. 0. 0. 0. 1. 1. 0. 0. 0. 0. 1. 1. 0. 0. 0. 0. 0. 0. 0. 1. 0. 0. 0. 0. 0. 0. 1. 0. 0. 0. 0. 0. 1. 0. 0. 0. 0. 0. 0. 0. 0. 1. 0. 1. 0. 0. 1. 0. 0. 0. 0. 0. 0. 0. 0. 1. 0. 0. 0. 0. 0. 0. 0. 1. 0. 0. 0. 1. 0. 0. 0. 0. 0. 0. 0. 0. 1. 1. 0. 0. 1. 0. 0. 1. 0. 1. 0. 0. 1. 0. 1. 0. 0. 0. 0. 0. 0. 0. 0. 0. 0. 0. 0. 0. 0. 0. 0. 0. 0. 1. 0. 0. 0. 0. 1. 1. 0. 0. 0. 0. 0. 0. 0. 0. 1. 0. 1. 0. 0. 0. 0. 0. 1. 0. 0. 0. 1. 0. 0. 0. 1. 0. 0. 0. 1. 0. 0. 1. 1. 1. 0. 0. 0. 1. 0. 1. 0. 0. 0. 1. 0. 1. 0. 0. 0. 0. 0. 0. 0. 0. 0. 1. 0. 0. 0. 0. 1. 0. 0. 0. 0. 1. 0. 0. 0. 0. 0. 1. 0. 0. 0. 0. 0. 0. 0. 0. 0. 1.]
[0. 0. 0. 0. 0. 0. 0. 0. 0. 0. 0. 0. 0. 0. 0. 0. 0. 0. 0. 0. 0. 0. 0. 0. 0. 0. 0. 0. 0. 0. 0. 0. 0. 0. 0. 0. 0. 0. 0. 0. 0. 0. 0. 0. 0. 0. 0. 0. 0. 0. 0. 0. 0. 0. 0. 0. 0. 0. 0. 0. 0. 0. 0. 0. 0. 0. 0. 0. 0. 0. 0. 0. 0. 0. 0. 0. 0. 0. 0. 0. 0. 0. 0. 0. 0. 0. 0. 0. 0. 0. 0. 0. 0. 0. 0. 0. 0. 0. 0. 0. 0. 0. 0. 0. 0. 0. 0. 0. 0. 0. 0. 0. 0. 0. 0. 0. 0. 0. 0. 0. 0. 0. 0. 0. 0. 0. 0. 0. 0. 0. 0. 0. 0. 0. 0. 0. 0. 0. 0. 0. 0. 0. 0. 0. 0. 0. 0. 0. 0. 0. 0. 0. 0. 0. 0. 0. 0. 0. 0. 0. 0. 0. 0. 0. 0. 0. 0. 0. 0. 0. 0. 0. 0. 0. 0. 0. 0. 0. 0. 0. 0. 0. 0. 0. 0. 0. 0. 0. 0. 0. 0. 0. 0. 0. 0. 0. 0. 0. 0. 0. 0. 0. 0. 0. 0. 0. 0. 0. 0. 0. 0. 0. 0. 0. 0. 0. 0. 0. 0. 0. 0. 0. 0. 0. 0. 0. 0. 0. 0. 0. 0. 0. 0. 0. 0. 0. 0.]
[1. 0. 0. 0. 0. 0. 0. 0. 0. 1. 0. 0. 1. 0. 0. 1. 0. 0. 1. 0. 0. 1. 1. 0. 0. 1. 0. 0. 1. 0. 1. 0. 0. 0. 0. 0. 0. 0. 0. 0. 0. 0. 0. 0. 0. 0. 0. 0. 1. 0. 0. 0. 1. 0. 0. 0. 0. 1. 0. 0. 0. 0. 1. 0. 0. 0. 0. 1. 0. 0. 0. 0. 0. 0. 0. 0. 0. 0. 0. 1. 0. 0. 0. 0. 0. 0. 0. 0. 0. 0. 0. 1. 0. 0. 0. 0. 0. 0. 0. 0. 0. 0. 0. 1. 0. 0. 0. 0. 0. 0. 0. 0. 0. 0. 0. 0. 0. 1. 0. 0. 0. 0. 0. 0. 0. 0. 0. 0. 1. 0. 0. 0. 0. 0. 0. 0. 0. 0. 0. 0. 0. 0. 0. 0. 0. 1. 0. 0. 0. 0. 0. 1. 0. 1. 0. 0. 0. 0. 1. 0. 0. 0. 0. 0. 0. 0. 1. 1. 1. 0. 0. 0. 0. 0. 0. 0. 1. 0. 0. 0. 0. 1. 0. 0. 1. 0. 0. 0. 0. 0. 0. 0. 0. 0. 0. 0. 0. 0. 0. 0. 1. 0. 0. 0. 0. 0. 0. 0. 1. 0. 0. 0. 0. 0. 0. 1. 0. 0. 0. 0. 0. 0. 0. 0. 0. 0. 0. 0. 0. 0. 0. 0. 0. 0. 0. 0. 0.]
1 - 4890
1 - 5456
1 - 5334
6 - 4690
6 - 3970
6 - 2234
8 - 804
10 - 3669
20 - 2495
20 - 2850
20 - 2629
28 - 1798
28 - 4845
28 - 4279
28 - 671
33 - 2623
33 - 4808
35 - 2789
35 - 3625
35 - 3896
35 - 3189
40 - 4189
40 - 4152
40 - 2403
43 - 50
43 - 791
48 - 2274
50 - 3442
53 - 2235
53 - 5303
53 - 4999
54 - 3143
54 - 4753
54 - 4411
55 - 1188
55 - 2269
56 - 4754
56 - 5448
56 - 4206
56 - 5496
59 - 2275
59 - 1554
59 - 3552
61 - 3117
66 - 3183
66 - 1203
66 - 614
66 - 4908
74 - 2016
75 - 1534
75 - 5195
77 - 822
77 - 2106
81 - 1045
81 - 4416
81 - 2610
89 - 4972
90 - 2041
92 - 5428
92 - 4624
92 - 2122
96 - 5356
96 - 3237
97 - 3223
97 - 1711
108 - 109
108 - 3083
108 - 4370
108 - 1053
109 - 4783
109 - 5675
111 - 4243
111 - 5111
116 - 1408
116 - 5180
116 - 1610
116 - 1618
118 - 4798
118 - 4421
123 - 4287
127 - 436
127 - 4073
127 - 1385
131 - 5603
132 - 4381
132 - 4392
132 - 5171
132 - 2624
136 - 2748
136 - 2119
137 - 2596
137 - 5662
137 - 1738
139 - 605
139 - 5366
139 - 1497
140 - 5012
141 - 5375
141 - 3620
141 - 1737
145 - 1591
146 - 5234
146 - 2016
146 - 4093
147 - 5100
147 - 2125
147 - 5433
148 - 2473
148 - 5479
148 - 4280
150 - 244
150 - 1256
150 - 3206
151 - 4890
151 - 4708
154 - 3975
154 - 5093
155 - 2533
155 - 3405
155 - 5143
156 - 4294
156 - 560
157 - 1319
157 - 2505
157 - 4289
160 - 4064
160 - 1587
160 - 1883
160 - 3866
160 - 4935
163 - 4080
163 - 611
165 - 3280
165 - 3320
165 - 2723
166 - 4561
166 - 4167
170 - 4188
170 - 3140
170 - 4540
170 - 4347
170 - 1895
171 - 2912
171 - 3370
171 - 2900
173 - 219
173 - 1212
173 - 3598
173 - 5174
177 - 932
177 - 3584
182 - 2624
183 - 343
183 - 2168
183 - 2397
186 - 2147
197 - 1841
197 - 4331
198 - 5269
198 - 3937
198 - 4542
198 - 4641
198 - 3416
201 - 479
211 - 1264
211 - 1071
211 - 4517
212 - 5315
213 - 1451
213 - 4615
215 - 1967
215 - 3278
215 - 3436
219 - 3666
220 - 2066
220 - 1448
223 - 1653
223 - 4036
223 - 4403
226 - 1650
229 - 5322
229 - 2266
234 - 1662
234 - 5068
234 - 3849
234 - 2248
234 - 4298
236 - 3561
239 - 745
239 - 5532
239 - 3366
241 - 5311
241 - 3438
241 - 1597
244 - 5497
247 - 1078
250 - 3025
250 - 1449
251 - 3921
253 - 1034
253 - 4628
257 - 1255
257 - 5573
257 - 1694
257 - 1575
257 - 5448
258 - 676
260 - 2286
267 - 1491
267 - 1347
270 - 996
272 - 4385
272 - 2521
272 - 4054
273 - 562
273 - 5105
273 - 4124
275 - 1267
275 - 4683
295 - 4610
295 - 2147
295 - 4210
296 - 336
296 - 1306
297 - 2974
297 - 2243
297 - 5295
297 - 4457
300 - 3308
313 - 5570
313 - 896
313 - 1638
314 - 1362
314 - 4632
314 - 4932
314 - 1767
323 - 4933
326 - 4933
336 - 3802
339 - 2312
340 - 1292
340 - 2499
340 - 3790
340 - 5517
343 - 5665
343 - 3236
343 - 3030
343 - 2221
346 - 3279
346 - 5193
347 - 378
347 - 4731
348 - 3533
348 - 4595
349 - 1949
349 - 5049
349 - 2969
349 - 4761
349 - 900
349 - 1594
349 - 911
353 - 967
353 - 2911
354 - 1300
354 - 2222
354 - 2052
354 - 5014
359 - 5653
359 - 4827
359 - 3621
362 - 4440
362 - 1557
362 - 1645
363 - 5224
363 - 1817
366 - 2086
366 - 3756
369 - 4911
369 - 3469
369 - 4642
369 - 4864
373 - 5336
373 - 4259
374 - 1563
378 - 3485
380 - 2723
382 - 1755
382 - 3092
382 - 3006
382 - 4053
384 - 5448
384 - 3593
386 - 842
390 - 413
392 - 2764
392 - 5037
392 - 2527
392 - 5259
399 - 1049
399 - 5131
399 - 4955
400 - 2953
400 - 977
403 - 1610
406 - 1443
406 - 898
410 - 1702
411 - 4960
411 - 3837
411 - 745
412 - 5427
412 - 4883
412 - 2189
413 - 1983
413 - 5121
413 - 2965
413 - 2150
415 - 4632
416 - 1266
416 - 1650
427 - 4208
427 - 5049
428 - 2297
431 - 4914
431 - 2673
436 - 1646
436 - 3384
436 - 4138
436 - 4242
439 - 1076
439 - 4054
441 - 4283
441 - 3405
441 - 2418
447 - 2977
447 - 4591
453 - 2874
453 - 459
455 - 1063
459 - -1
463 - 4090
463 - 2368
467 - 4880
468 - 5690
468 - 3561
470 - 1367
470 - 1626
470 - 718
471 - 1377
479 - 3799
479 - 5324
479 - 1168
479 - 4754
481 - 3648
484 - 3124
484 - 4147
486 - 3793
486 - 5395
486 - 5605
489 - 1763
489 - 1939
489 - 4988
489 - 1377
489 - 5118
498 - 2842
498 - 3290
499 - 1878
499 - 1262
500 - 4913
501 - 3629
501 - 4093
501 - 948
501 - 2269
505 - 1470
505 - 4632
505 - 5316
505 - 5474
505 - 1789
507 - 4270
507 - 3852
507 - 2256
516 - 5533
516 - 3320
516 - 2221
518 - 821
518 - 2548
518 - 4520
520 - 901
522 - 1677
524 - 2839
524 - 1877
524 - 5586
528 - 4924
528 - 5249
534 - 1959
534 - 5601
536 - 2882
536 - 2533
538 - 1583
538 - 1478
538 - 558
538 - 5183
538 - 2923
541 - 1030
541 - 3420
541 - 2309
543 - 908
544 - 1123
544 - 4897
545 - 1717
545 - 4345
551 - 2587
551 - 2153
551 - 4115
551 - 4342
558 - 2383
560 - 3657
560 - 4566
562 - 2847
575 - 2600
575 - 4670
581 - 3165
581 - 4188
581 - 5582
583 - 3345
583 - 3847
585 - 3438
588 - 2857
589 - 4355
591 - 3691
593 - 4863
593 - 2051
594 - 4349
594 - 2760
594 - 1842
597 - 1696
598 - 1013
598 - 4070
598 - 2919
598 - 2266
598 - 1828
602 - 2627
602 - 3986
605 - 1546
605 - 5350
605 - 3629
606 - 1757
606 - 5386
611 - 978
611 - 5049
611 - 3791
611 - 3908
612 - 2288
612 - 4775
613 - 901
613 - 2672
613 - 658
614 - 1188
614 - 5331
616 - 2654
619 - 2848
619 - 2569
619 - 5450
619 - 2533
619 - 2896
619 - 4736
622 - 5692
622 - 1709
622 - 1903
624 - 5253
624 - 5015
628 - 2726
628 - 3942
628 - 1558
632 - 1702
646 - 2916
647 - 1856
652 - 4802
652 - 3963
656 - 2657
658 - 3743
661 - 2120
663 - 2532
663 - 2833
663 - 4857
664 - 4437
664 - 2726
671 - 1026
671 - 2628
671 - 1333
671 - 4028
672 - 5177
675 - 2959
675 - 3548
675 - 4374
676 - 4972
676 - 2579
676 - 1709
688 - 793
688 - 5706
688 - 2865
688 - 5616
688 - 4448
688 - 2198
690 - 1469
691 - 3386
691 - 5536
693 - 3177
693 - 1139
693 - 5616
693 - 1018
694 - 3860
694 - 3178
696 - 1133
705 - 1436
705 - 1377
710 - 731
710 - 3255
710 - 855
711 - 1210
712 - 2418
712 - 4720
714 - 2606
714 - 3410
714 - 3204
716 - 1907
716 - 3832
717 - 893
717 - 4036
718 - 3669
722 - 5392
722 - 4066
723 - 3868
723 - 2482
723 - 1544
723 - 4263
723 - 4517
724 - 4997
726 - 1871
726 - 1958
726 - 4257
726 - 1159
728 - 3981
731 - 4702
731 - 1994
738 - 5421
745 - 4896
745 - 4001
748 - 892
748 - 3093
748 - 5568
750 - 1273
750 - 5602
758 - 2471
758 - 1559
758 - 4242
764 - 5480
764 - 4834
769 - 1628
769 - 3525
772 - 911
773 - 1372
773 - 4810
781 - 1263
781 - 2857
789 - 1231
789 - 995
789 - 4098
791 - 3392
792 - 2897
792 - 4331
793 - 2768
794 - 2918
795 - 4167
795 - 1543
799 - 5514
799 - 4336
799 - 4997
801 - 2769
801 - 5680
801 - 1585
802 - 4775
802 - 3430
803 - 2440
803 - 1076
804 - 3666
804 - 3139
804 - 3235
808 - 4382
808 - 3773
808 - 1621
808 - 4129
810 - 3444
810 - 2586
812 - 3785
818 - 1390
821 - 2329
821 - 1590
821 - 5598
821 - 1766
821 - 1150
822 - 5030
822 - 5565
824 - 1134
824 - 3424
824 - 4323
824 - 2799
824 - 4867
829 - 2643
829 - 4812
829 - 3369
829 - 5217
830 - 1402
830 - 3612
830 - 3043
833 - 1314
833 - 2035
833 - 1591
834 - 1972
835 - 2653
835 - 4225
835 - 4229
838 - 1403
842 - 2746
842 - 4419
845 - 2381
845 - 2814
845 - 1999
845 - 5546
846 - 1407
846 - 2356
846 - 4765
855 - 5433
855 - 2917
855 - 5071
855 - 5617
863 - 3054
863 - 4801
863 - 1373
867 - 5358
873 - 3194
873 - 4588
873 - 3847
875 - 2958
875 - 5667
875 - 3031
875 - 5090
882 - 1900
882 - 1659
882 - 5666
888 - 3431
892 - 4379
892 - 5203
892 - 4771
892 - 4617
892 - 4924
893 - 5646
893 - 4990
896 - -1
898 - 3540
900 - 3434
901 - 1775
901 - 5500
901 - 3416
903 - 3587
907 - 3868
907 - 3280
908 - 2881
908 - 4051
908 - 5188
908 - 5158
911 - 1657
911 - 4222
911 - 2416
911 - 4147
913 - 2188
913 - 4736
914 - 5276
924 - 5384
924 - 5438
927 - 5380
927 - 2099
929 - 3841
929 - 2339
932 - 3516
932 - 4962
932 - 4794
932 - 1163
934 - 956
934 - 3721
934 - 1449
936 - 2220
937 - 1899
938 - 2418
938 - 2280
939 - 4214
939 - 1906
939 - 2277
941 - 3940
941 - 2179
941 - 3218
943 - 1166
944 - 1559
948 - 3646
948 - 2149
949 - 3976
949 - 5217
951 - 4126
951 - 4028
951 - 1828
951 - 2029
955 - 3362
955 - 4740
955 - 2962
956 - 4197
956 - 1271
959 - 2447
959 - 3406
965 - 5118
965 - 4348
965 - 5100
966 - 1476
966 - 5078
967 - 1466
967 - 4559
969 - 4323
977 - 1899
977 - 3796
978 - 2673
981 - 5639
981 - 3817
981 - 3036
986 - 4830
986 - 4245
986 - 1112
986 - 4002
993 - 2673
993 - 4408
993 - 3721
994 - 4345
995 - 4323
996 - 2077
996 - 3864
996 - 2083
996 - 1608
1001 - 5294
1004 - 4629
1005 - 4556
1005 - 2100
1005 - 2147
1006 - 2158
1009 - 2600
1009 - 1860
1009 - 5273
1010 - 3392
1010 - 2874
1010 - 5557
1011 - 4998
1011 - 2854
1013 - 2889
1013 - 5550
1013 - 3552
1014 - 1889
1014 - 5272
1018 - 5100
1026 - 2746
1026 - 1857
1026 - 4952
1030 - 3992
1030 - 4086
1031 - 3057
1031 - 4528
1033 - 4827
1034 - 2764
1035 - 4200
1037 - 1407
1037 - 3821
1038 - 2648
1038 - 2617
1041 - 1761
1041 - 5220
1041 - 3768
1041 - 1179
1042 - 1400
1044 - -1
1045 - 2807
1045 - 3494
1045 - 3429
1049 - 1718
1049 - 2274
1050 - 2220
1050 - 3230
1050 - 3738
1050 - 5294
1053 - 1461
1053 - 2726
1058 - 3373
1061 - 2882
1061 - 4772
1063 - 3966
1065 - 5703
1065 - 4581
1065 - 3719
1071 - -1
1073 - 2447
1073 - 1718
1073 - 2552
1076 - 3620
1076 - 1279
1076 - 2766
1077 - 2906
1078 - 5288
1078 - 3257
1079 - 1345
1079 - 2958
1079 - 5491
1086 - 4761
1087 - 2634
1088 - 4633
1088 - 4998
1093 - -1
1095 - 2129
1095 - 3840
1100 - 4381
1106 - 2720
1109 - 3782
1109 - 2502
1111 - 3210
1111 - 3977
1112 - 2283
1112 - 3861
1116 - 1419
1116 - 4320
1118 - 5466
1118 - 4165
1118 - 4781
1123 - 4160
1128 - 1347
1128 - 2557
1132 - 2596
1133 - 1724
1134 - 1262
1134 - 5544
1135 - 2949
1135 - 5567
1135 - 3448
1135 - 1501
1137 - 4176
1138 - 4151
1138 - 4963
1139 - 5228
1141 - 3206
1142 - 1451
1145 - 2910
1146 - 3914
1147 - 5082
1147 - 2064
1148 - 4629
1150 - 3913
1157 - 2761
1159 - 3743
1159 - 1613
1163 - 3435
1163 - 3513
1163 - 4941
1163 - 2494
1163 - 2691
1166 - 1861
1166 - 5225
1168 - -1
1173 - 2572
1173 - 5330
1173 - 5142
1179 - 1882
1179 - 1648
1179 - 3010
1188 - 2874
1192 - 4764
1194 - 2526
1197 - 3534
1199 - 2693
1199 - 5238
1201 - 4600
1201 - 3330
1201 - 1993
1203 - -1
1209 - 4664
1210 - 1568
1210 - 3941
1210 - 4306
1212 - 4206
1212 - 1616
1216 - 1652
1216 - 3939
1216 - 5327
1216 - 1967
1217 - 5176
1221 - 5525
1222 - 4602
1229 - 4840
1229 - 5422
1229 - 2064
1230 - 2160
1230 - 2418
1230 - 5304
1230 - 1578
1231 - -1
1232 - 2622
1233 - 2821
1233 - 1319
1234 - 4115
1234 - 3359
1234 - 1868
1234 - 2494
1236 - 4341
1237 - -1
1238 - 1833
1238 - 5033
1238 - 3405
1238 - 3930
1241 - 3963
1241 - 5701
1241 - 3605
1243 - 1900
1243 - 1978
1246 - 2786
1246 - 1536
1246 - 3987
1246 - 2998
1247 - 5156
1248 - 2342
1249 - 5279
1249 - 1334
1252 - 3830
1252 - 5044
1255 - 4230
1255 - 1626
1255 - 4235
1255 - 4596
1255 - 3111
1256 - -1
1258 - 1646
1258 - 1711
1259 - 3873
1259 - 3296
1260 - 3490
1260 - 3945
1262 - -1
1263 - -1
1264 - 3365
1264 - 1858
1266 - 1593
1266 - 1800
1267 - 5143
1267 - 4143
1267 - 5273
1268 - 3653
1268 - 4839
1270 - 1677
1271 - 3641
1271 - 3235
1271 - 3434
1271 - 1817
1273 - 3845
1274 - 1385
1274 - 1575
1274 - 2826
1274 - 3946
1274 - 4591
1278 - 5197
1278 - 3641
1278 - 4364
1278 - 5476
1279 - -1
1280 - 1863
1280 - 4854
1280 - 4348
1281 - 1294
1285 - 5529
1285 - 5497
1285 - 2248
1287 - 2720
1289 - 2543
1289 - 3552
1292 - 5563
1292 - 4701
1293 - 1755
1293 - 2584
1294 - 2745
1300 - -1
1306 - 5353
1312 - 2519
1312 - 4176
1314 - 5326
1314 - 5685
1316 - 4068
1316 - 3860
1316 - 4339
1318 - -1
1319 - 5025
1321 - 2038
1321 - 2320
1321 - 5384
1332 - 3671
1332 - 2233
1332 - 4692
1333 - -1
1334 - 2507
1337 - 5604
1337 - 3552
1338 - 3952
1338 - 5176
1343 - 3475
1343 - 2567
1343 - 2487
1343 - 4113
1343 - 1828
1344 - 3576
1344 - 3116
1344 - 3963
1345 - 2889
1347 - -1
1350 - -1
1351 - 5224
1354 - -1
1356 - -1
1359 - 3719
1359 - 5557
1360 - 3337
1360 - 2906
1362 - 3667
1362 - 4023
1363 - 5634
1367 - 5155
1367 - 3666
1367 - 4251
1368 - 1929
1368 - 5314
1368 - 4512
1372 - -1
1373 - 3832
1373 - 5508
1373 - 3014
1377 - 5503
1377 - 4124
1382 - 2547
1382 - 2569
1382 - 4047
1385 - 2430
1385 - 3798
1387 - 2208
1387 - 3077
1387 - 2849
1387 - 1756
1387 - 2998
1390 - 3058
1393 - 4519
1397 - 3927
1397 - 5675
1397 - 4126
1399 - 5496
1400 - -1
1401 - 2753
1401 - 3210
1402 - 2451
1402 - 3412
1402 - 3204
1403 - 1900
1403 - 4619
1403 - 4359
1407 - 2472
1407 - 2623
1407 - 5222
1408 - 4794
1408 - 2279
1408 - 2163
1409 - 5668
1413 - 1617
1413 - 5696
1413 - 5243
1418 - 3027
1419 - 4825
1419 - 4960
1420 - 2847
1420 - 4957
1423 - -1
1428 - 1679
1432 - 2166
1432 - 5515
1432 - 4629
1433 - 2003
1433 - 3898
1434 - 4979
1436 - 4566
1436 - 4216
1436 - 2148
1436 - 2874
1443 - 2876
1443 - 5361
1443 - 3847
1445 - 3209
1445 - 3308
1445 - 3706
1445 - 5589
1446 - 1584
1446 - 3625
1447 - 3214
1447 - 2625
1447 - 4257
1448 - 4262
1448 - 5610
1448 - 2685
1448 - 1611
1449 - 3226
1449 - 1553
1451 - 2626
1451 - 2826
1451 - 3777
1451 - 4719
1452 - 2201
1452 - 3174
1452 - 3161
1452 - 3158
1456 - 1527
1456 - 3149
1460 - 4900
1460 - 5222
1461 - -1
1465 - 4384
1466 - 2354
1467 - 1496
1467 - 5456
1467 - 1773
1467 - 3641
1467 - 3964
1469 - 2272
1469 - 2404
1469 - 2159
1469 - 5601
1470 - 2578
1470 - 2395
1471 - 3074
1471 - 5362
1471 - 1836
1471 - 4769
1476 - 3766
1476 - 4794
1478 - 4879
1482 - 2584
1482 - 3307
1482 - 1919
1491 - 5461
1491 - 5418
1491 - 4815
1495 - -1
1496 - 2930
1496 - 4953
1497 - 1692
1497 - 2711
1499 - 4564
1499 - 5133
1501 - 4490
1501 - 2024
1501 - 4114
1502 - 3846
1502 - 3330
1502 - 1666
1502 - 1949
1511 - 1981
1511 - 1517
1511 - 1696
1511 - 3672
1513 - 1977
1513 - 4911
1513 - 4818
1513 - 1638
1514 - 2775
1514 - 4880
1517 - 2220
1517 - 4775
1526 - 3690
1527 - 3119
1527 - 2010
1527 - 3310
1527 - 5023
1529 - 3306
1531 - -1
1533 - 3393
1534 - 5238
1536 - 3261
1536 - 3461
1536 - 4234
1536 - 2552
1539 - 3652
1539 - 5066
1540 - 4525
1540 - 2290
1543 - 4806
1544 - 3178
1544 - 4801
1544 - 1679
1545 - 4114
1546 - 5288
1548 - 1587
1548 - 5414
1548 - 2639
1550 - 2889
1550 - 5030
1550 - 5207
1550 - 1705
1552 - 3987
1552 - 1983
1553 - 2252
1553 - 5394
1553 - 1813
1553 - 4129
1554 - 4234
1555 - 5179
1556 - 3204
1556 - 1864
1557 - -1
1558 - -1
1559 - -1
1563 - 1755
1563 - 3041
1563 - 2352
1566 - 2503
1566 - 5023
1568 - -1
1572 - 3885
1572 - 5588
1573 - 3280
1573 - 2824
1573 - 2912
1575 - 2138
1578 - 2249
1580 - 4822
1580 - 4629
1580 - 1650
1580 - 2616
1582 - 4197
1582 - 3885
1582 - 4642
1583 - 3778
1583 - 4068
1583 - 5445
1584 - 5255
1585 - 1593
1586 - 4318
1586 - 1670
1586 - 4360
1586 - 4919
1587 - 1674
1587 - 1678
1588 - 4914
1589 - 4083
1590 - 5398
1591 - 4591
1592 - 4462
1593 - 4892
1594 - 3851
1594 - 4023
1594 - 3721
1594 - 3252
1594 - 5189
1594 - 4834
1597 - 2748
1597 - 3910
1598 - 3620
1598 - 2917
1598 - 2203
1599 - 3876
1599 - 2014
1601 - 5448
1601 - 1994
1601 - 3032
1601 - 3775
1601 - 2181
1604 - 2527
1604 - 2090
1604 - 2208
1604 - 3769
1605 - 3339
1605 - 5193
1607 - 5457
1608 - 3013
1608 - 5021
1608 - 2622
1608 - 1756
1610 - 3014
1610 - 1811
1611 - 2742
1611 - 1828
1613 - 5598
1613 - 4914
1613 - 2846
1616 - 5012
1616 - 4768
1616 - 4318
1617 - 2730
1617 - 3593
1618 - 5315
1618 - 3502
1618 - 5603
1620 - 1811
1620 - 3876
1621 - 5615
1621 - 3161
1621 - 1798
1621 - 3020
1625 - 5370
1626 - 2657
1626 - 2923
1628 - 2094
1628 - 2177
1629 - 2747
1629 - 2134
1630 - 1677
1630 - 3541
1631 - -1
1636 - 3657
1636 - 3579
1638 - 4577
1638 - 3010
1638 - 2806
1638 - 4752
1639 - 4281
1640 - 5184
1640 - 5197
1641 - 2977
1641 - 2450
1641 - 4333
1641 - 4298
1642 - 4402
1642 - 2454
1642 - 5672
1645 - 2167
1645 - 4810
1646 - 5045
1647 - 4439
1647 - 5306
1647 - 5262
1647 - 3898
1648 - 3854
1648 - 5599
1650 - -1
1651 - 3107
1651 - 2018
1651 - 4610
1652 - 1958
1652 - 5620
1652 - 1724
1653 - -1
1655 - 3939
1655 - 1994
1657 - 3946
1657 - 4879
1658 - 3211
1658 - 2617
1659 - -1
1660 - 3666
1660 - 4568
1661 - 4641
1661 - 5066
1662 - 4641
1662 - 4534
1662 - 2438
1662 - 4451
1662 - 5301
1662 - 5407
1666 - -1
1668 - 4591
1670 - 5676
1674 - 2462
1675 - 3388
1675 - 3354
1675 - 2366
1676 - 3307
1676 - 3226
1676 - 2029
1676 - 4769
1677 - 3782
1677 - 2102
1678 - 1737
1678 - 2374
1679 - 1958
1679 - 3124
1680 - 3279
1682 - 2112
1682 - 4908
1683 - 1865
1683 - 2887
1685 - 2226
1685 - 3404
1685 - 5102
1689 - 4629
1689 - 3921
1689 - 2155
1692 - 1846
1694 - 4379
1696 - 4760
1696 - 5066
1697 - 5635
1699 - 3605
1699 - 1797
1699 - 3559
1701 - 4646
1702 - 2625
1702 - 1935
1703 - 3397
1703 - 2723
1703 - 4001
1703 - 3430
1704 - 1984
1704 - 3799
1704 - 4512
1704 - 4172
1704 - 4066
1705 - -1
1708 - 4349
1708 - 4503
1709 - 3587
1709 - 4657
1710 - 3269
1711 - 4798
1711 - 2766
1716 - 2128
1716 - 2504
1717 - 4985
1717 - 5370
1717 - 4426
1717 - 3843
1717 - 5469
1718 - 2626
1719 - 3410
1720 - 4163
1720 - 1844
1720 - 4496
1721 - 2201
1721 - 3898
1721 - 5081
1721 - 2560
1723 - -1
1724 - 2354
1724 - 3442
1726 - 5484
1726 - 4988
1726 - 2816
1727 - 2522
1727 - 3849
1727 - 4794
1727 - 3916
1729 - 5009
1729 - 4413
1732 - 2402
1732 - 2780
1733 - -1
1735 - 2973
1735 - 5641
1735 - 1920
1737 - -1
1738 - 5376
1740 - 5029
1744 - 2467
1744 - 3498
1746 - 2555
1747 - 1783
1747 - 4448
1749 - 2352
1749 - 5385
1749 - 3296
1749 - 3685
1752 - 4083
1752 - 2816
1753 - 2903
1755 - -1
1756 - 4871
1757 - 4701
1758 - 3295
1758 - 5452
1759 - 1842
1760 - 3184
1760 - 4997
1760 - 4577
1760 - 3307
1761 - 5083
1761 - 3834
1761 - 4692
1762 - 2068
1763 - 2894
1766 - -1
1767 - 3686
1767 - 2378
1767 - 4402
1767 - 4912
1768 - 4038
1768 - 5601
1773 - -1
1775 - 3955
1775 - 4596
1775 - 3636
1776 - 4382
1776 - 2527
1778 - 4869
1778 - 3427
1779 - 1895
1783 - 3265
1783 - 2937
1783 - 2654
1788 - 2623
1789 - 1798
1790 - 4772
1790 - 3947
1790 - 2077
1797 - 2237
1797 - 2646
1797 - 3534
1797 - 2163
1798 - 5196
1799 - 4042
1800 - 3856
1805 - 2166
1805 - 3998
1806 - 5345
1806 - 3628
1806 - 4147
1807 - 4522
1807 - 5268
1807 - 3419
1809 - 2206
1809 - 2722
1809 - 5354
1809 - 4454
1810 - 4110
1811 - 2404
1812 - 2679
1813 - 3108
1813 - 3661
1814 - 3941
1814 - 4857
1814 - 3444
1814 - 3552
1817 - 5158
1817 - 4765
1817 - 2092
1819 - 2058
1819 - 5176
1820 - 4143
1820 - 4708
1822 - 4174
1822 - 3700
1826 - 5141
1828 - 3821
1828 - 1941
1828 - 5467
1828 - 5253
1831 - -1
1833 - -1
1834 - 2566
1836 - 4707
1839 - 4950
1839 - 5111
1839 - 3191
1839 - 5110
1839 - 4462
1839 - 4521
1840 - 3767
1840 - 4897
1841 - 3516
1842 - -1
1843 - 2690
1843 - 3667
1843 - 3663
1844 - 4554
1844 - 4798
1845 - 2540
1846 - 3857
1846 - 4314
1846 - 3636
1846 - 4290
1848 - 5011
1849 - 3730
1850 - 4482
1852 - 2438
1853 - 2818
1853 - 4897
1854 - 2911
1854 - 5100
1854 - 5556
1855 - 3445
1855 - 4321
1855 - 2923
1855 - 4701
1856 - 3145
1856 - 5476
1856 - 3223
1857 - 3148
1858 - 5333
1860 - 5356
1860 - 4636
1861 - 3014
1862 - 4450
1862 - 5430
1862 - 5353
1863 - -1
1864 - 3534
1865 - 3766
1868 - 3974
1871 - 5517
1871 - 4267
1873 - 3020
1873 - 2274
1873 - 5624
1873 - 3074
1875 - 2423
1877 - -1
1878 - 2122
1879 - 4988
1881 - 5120
1881 - 4085
1882 - 3529
1882 - 5407
1883 - 2356
1884 - 5009
1886 - 5296
1888 - 2041
1889 - 3043
1889 - 2636
1891 - 5401
1891 - 3547
1895 - 4864
1898 - 4284
1898 - 5554
1899 - -1
1900 - 3139
1900 - 5193
1901 - 3854
1901 - 3763
1903 - 2618
1905 - 5642
1906 - -1
1907 - 4229
1907 - 2685
1907 - 3574
1908 - 4512
1908 - 4660
1909 - -1
1912 - 4564
1912 - 5163
1912 - 1954
1918 - 3653
1918 - 4345
1919 - 2629
1919 - 2005
1919 - 5272
1920 - -1
1921 - 4969
1921 - 3830
1922 - 4871
1922 - 2826
1922 - 4106
1922 - 4339
1924 - 3691
1925 - 5350
1925 - 4294
1926 - 4588
1926 - 4116
1927 - 5444
1927 - 3839
1929 - 2570
1929 - 5081
1929 - 2198
1930 - 5549
1930 - 4955
1930 - 4342
1931 - 2166
1931 - 3605
1931 - 5334
1933 - 3090
1933 - 3218
1934 - 4264
1935 - 4782
1935 - 2397
1936 - 4248
1936 - 5157
1936 - 4355
1937 - 4905
1939 - 5286
1941 - 5680
1941 - 5681
1941 - 5115
1942 - 2881
1943 - 4059
1943 - 3765
1943 - 3544
1949 - 4216
1954 - 5009
1954 - 4810
1955 - 2256
1955 - 2138
1957 - 4582
1958 - 5407
1958 - 4503
1959 - -1
1967 - 2236
1967 - 4323
1970 - 2180
1970 - 4386
1972 - 5152
1972 - 3845
1975 - -1
1976 - 2872
1977 - 4290
1978 - 2992
1978 - 5179
1981 - 3914
1981 - 3442
1982 - 4048
1982 - 4539
1982 - 3875
1983 - 4609
1984 - -1
1985 - 4937
1986 - 5628
1986 - 2873
1991 - 3010
1993 - -1
1994 - -1
1996 - -1
1999 - 5272
1999 - 4355
2000 - 4243
2003 - 5445
2004 - 3853
2004 - 4264
2005 - 4054
2006 - 5366
2006 - 3206
2009 - 4193
2010 - 3062
2010 - 2157
2014 - 4236
2015 - 4734
2016 - 5105
2016 - 5224
2016 - 2248
2017 - 3930
2017 - 5519
2017 - 2814
2018 - 5253
2019 - 5423
2019 - 2118
2019 - 4719
2024 - 4344
2026 - 2876
2029 - 4293
2029 - 3260
2030 - 2881
2031 - 4569
2032 - 4330
2032 - 3833
2032 - 3366
2032 - 3575
2032 - 5222
2033 - 4599
2034 - 5155
2034 - 2312
2034 - 2232
2035 - 4707
2035 - 2169
2036 - -1
2038 - 3444
2041 - -1
2042 - 3568
2042 - 5369
2044 - 4808
2051 - 3417
2052 - -1
2054 - 4120
2054 - 2143
2055 - 4167
2055 - 3539
2056 - 5631
2058 - 3562
2058 - 4341
2058 - 5679
2058 - 4869
2058 - 5194
2060 - 2446
2061 - 5114
2062 - 3927
2062 - 3343
2062 - 3526
2062 - 4722
2064 - 5441
2064 - 4126
2064 - 5166
2064 - 3424
2065 - 3180
2065 - 5605
2066 - 2438
2066 - 2921
2067 - 3578
2068 - 5577
2068 - 2119
2068 - 2622
2069 - 4642
2070 - 4569
2070 - 5171
2070 - 3226
2072 - 5107
2073 - 3908
2073 - 2552
2074 - 4608
2077 - 3133
2083 - 5627
2084 - 3115
2084 - 4290
2086 - 4297
2087 - 3929
2087 - 3831
2087 - 4610
2088 - 2620
2088 - 5037
2090 - 3005
2092 - 3038
2092 - 4495
2094 - 2736
2094 - 4042
2094 - 5345
2098 - -1
2099 - 3721
2099 - 4379
2099 - 2690
2099 - 2218
2099 - 5259
2100 - 5196
2100 - 5533
2101 - 5222
2102 - 2806
2102 - 5143
2102 - 2631
2102 - 3765
2104 - 4757
2104 - 3156
2105 - 3938
2106 - 3824
2107 - 4864
2107 - 3964
2108 - 3966
2109 - 3851
2109 - 3091
2112 - 5029
2112 - 2155
2114 - 2297
2116 - 4382
2117 - 4890
2117 - 2228
2118 - 5380
2119 - 3149
2119 - 3650
2119 - 3220
2120 - 4925
2122 - 4454
2124 - 2602
2125 - 4512
2125 - 4157
2126 - 4642
2128 - 5047
2128 - 4988
2129 - 4638
2129 - 4115
2132 - 3782
2132 - 5375
2132 - 4768
2134 - 2189
2134 - 2417
2134 - 5033
2136 - 4804
2136 - 4919
2136 - 3908
2138 - 3526
2138 - 2309
2138 - 2688
2138 - 3847
2138 - 4521
2139 - 4129
2139 - 4917
2142 - 2586
2143 - 3793
2143 - 2502
2145 - 2907
2145 - 2297
2145 - 4792
2146 - 3644
2146 - 4879
2147 - 3489
2148 - -1
2149 - 5386
2150 - 2559
2153 - 5487
2154 - 4961
2154 - 4484
2155 - 5635
2155 - 3701
2155 - 5305
2155 - 2998
2157 - 3095
2158 - 2234
2159 - 2922
2159 - 5190
2160 - 4731
2163 - 3945
2163 - 4609
2163 - 3633
2163 - 3290
2165 - 5246
2166 - 5467
2167 - -1
2168 - 4859
2168 - 3672
2169 - -1
2175 - 2639
2175 - 3808
2175 - 4784
2177 - 2279
2177 - 5672
2179 - -1
2180 - 4123
2180 - 2996
2181 - 3666
2181 - 4197
2183 - 3297
2183 - 3765
2184 - 2958
2184 - 2790
2185 - 4544
2185 - 2528
2188 - -1
2189 - 3873
2189 - 4822
2191 - 5015
2191 - 5204
2191 - 3574
2191 - 4411
2194 - 2333
2194 - 4437
2198 - 4734
2198 - 3256
2198 - 5145
2198 - 5114
2198 - 4129
2200 - 2303
2200 - 2607
2201 - 2882
2201 - 5443
2201 - 2763
2201 - 5415
2203 - 3306
2206 - 2389
2208 - -1
2212 - 4672
2217 - 2740
2217 - 4559
2217 - 5466
2218 - 5255
2220 - 3398
2221 - 3828
2221 - 4612
2222 - -1
2225 - 5649
2225 - 2526
2226 - -1
2228 - 5224
2229 - 2390
2229 - 3852
2231 - 5369
2231 - 4195
2231 - 4301
2232 - 3986
2233 - 3700
2233 - 3599
2234 - 3928
2234 - 4283
2234 - 5151
2234 - 3071
2235 - 5021
2236 - 2678
2237 - 5042
2237 - 2309
2241 - 4981
2241 - 2903
2241 - 4646
2243 - 5187
2244 - 4629
2248 - 3939
2249 - 4053
2251 - 4219
2251 - 3605
2252 - 5629
2256 - 2355
2256 - 3181
2257 - 4226
2257 - 3180
2259 - 3809
2266 - 4772
2269 - 4318
2270 - 2296
2270 - 2706
2272 - 5353
2272 - 3672
2272 - 3673
2274 - 3024
2275 - 3518
2276 - 2287
2276 - 2864
2276 - 3533
2277 - 3139
2277 - 3834
2279 - -1
2280 - -1
2283 - -1
2285 - 4335
2285 - 4548
2286 - 5593
2286 - 4718
2286 - 3069
2286 - 4250
2286 - 3071
2287 - -1
2288 - 4392
2288 - 5603
2288 - 3025
2289 - 2583
2290 - -1
2296 - 2551
2296 - 3236
2297 - 4038
2297 - 3973
2303 - 2342
2303 - 2881
2304 - 3181
2304 - 2865
2304 - 3095
2309 - 5484
2309 - 3895
2309 - 5193
2312 - 3854
2312 - 4495
2312 - 5532
2312 - 3767
2314 - 2382
2314 - 4315
2319 - 2595
2319 - 5431
2320 - 4606
2323 - 2830
2323 - 4257
2325 - 4254
2327 - 2481
2327 - 5123
2327 - 5573
2329 - 3039
2329 - 3286
2329 - 3977
2333 - 5656
2333 - 5679
2336 - -1
2339 - 5228
2339 - 5395
2342 - 3837
2342 - 2608
2345 - 4736
2346 - 5194
2348 - 4732
2348 - 4601
2350 - 4105
2352 - 3621
2352 - 2939
2354 - 5343
2355 - 5186
2356 - 4417
2358 - 2418
2358 - 4582
2358 - 3793
2358 - 5088
2358 - 5115
2364 - 4707
2364 - 4716
2364 - 5076
2365 - 4897
2366 - 5202
2368 - 5030
2368 - 3702
2369 - 5609
2369 - 4854
2374 - 3941
2376 - 4591
2376 - 5072
2378 - 5084
2381 - 4777
2381 - 4608
2382 - 4055
2382 - 4628
2383 - 5710
2383 - 2480
2384 - -1
2385 - 2915
2385 - 2546
2385 - 4259
2386 - -1
2389 - 2662
2389 - 4879
2390 - -1
2395 - 4950
2395 - 4690
2395 - 4113
2396 - 4838
2396 - 4357
2397 - 5647
2400 - 3970
2402 - 4163
2403 - -1
2404 - 2628
2404 - 5453
2413 - 4829
2415 - 4382
2416 - 5508
2416 - 3993
2416 - 4071
2416 - 3851
2416 - 4688
2416 - 4176
2417 - -1
2418 - -1
2423 - 5106
2425 - 2836
2426 - 4245
2426 - 3516
2430 - 5568
2432 - 4919
2434 - 4345
2437 - 5245
2438 - 4055
2438 - 2660
2439 - -1
2440 - 5228
2440 - 3725
2440 - 5665
2445 - 3875
2445 - 5677
2446 - 4355
2446 - 4440
2446 - 4256
2447 - 4342
2449 - 3431
2450 - 4398
2451 - 4731
2452 - 4124
2452 - 5369
2454 - -1
2455 - 3795
2455 - 3529
2455 - 4517
2459 - 4360
2459 - 4892
2460 - 4250
2461 - -1
2462 - -1
2464 - 2617
2464 - 5222
2464 - 5145
2467 - 2569
2471 - -1
2472 - -1
2473 - 3552
2477 - 4120
2477 - 5395
2477 - 2915
2477 - 4257
2480 - -1
2481 - -1
2482 - -1
2483 - 5588
2483 - 5308
2483 - 2789
2486 - 3999
2486 - 2905
2487 - 5421
2494 - 2800
2494 - 5207
2494 - 4544
2495 - 5367
2496 - 3419
2499 - -1
2502 - 3197
2502 - 3824
2503 - -1
2504 - -1
2505 - 3655
2505 - 5631
2505 - 3802
2507 - -1
2511 - 4734
2511 - 3599
2515 - 3194
2519 - 5341
2520 - 4180
2520 - 3839
2521 - 3400
2521 - 3785
2522 - -1
2523 - 2818
2524 - 2851
2525 - 4972
2525 - 3657
2526 - 4360
2526 - 4938
2526 - 3775
2527 - 4867
2528 - 2937
2528 - 2790
2532 - 3161
2533 - -1
2535 - 4245
2536 - 2538
2536 - 3725
2538 - -1
2540 - -1
2543 - 3429
2544 - 2563
2544 - 5310
2545 - 3091
2545 - 4566
2546 - -1
2547 - -1
2548 - 4026
2551 - 4554
2551 - 5334
2552 - 5326
2552 - 4197
2555 - 5268
2555 - 3058
2557 - 4608
2557 - 4819
2559 - -1
2560 - 3659
2560 - 3576
2561 - -1
2563 - 2646
2564 - 2844
2564 - 3528
2566 - 5389
2566 - 2724
2567 - 4273
2568 - -1
2569 - -1
2570 - -1
2572 - 4260
2572 - 5395
2577 - -1
2578 - -1
2579 - -1
2581 - 5195
2583 - 5531
2584 - 3228
2585 - 3271
2586 - 5044
2586 - 3719
2587 - -1
2589 - 2894
2594 - 5202
2594 - 5490
2594 - 2766
2595 - 2691
2596 - 3834
2596 - 4996
2596 - 3468
2598 - 3467
2600 - 4930
2600 - 3763
2602 - 4971
2604 - 5609
2606 - 4838
2607 - 5682
2608 - 4036
2610 - 3116
2616 - 5443
2617 - 4115
2617 - 5354
2617 - 4771
2617 - 3173
2618 - 5672
2620 - 5015
2622 - 5123
2622 - 4357
2622 - 2731
2623 - -1
2624 - 2900
2624 - 3297
2625 - -1
2626 - 5569
2626 - 2663
2627 - 5395
2628 - -1
2629 - 4032
2629 - 4457
2631 - -1
2634 - 3837
2634 - 5201
2636 - 4265
2636 - 5682
2639 - 2948
2643 - 3498
2643 - 4538
2643 - 5130
2643 - 4140
2646 - 3974
2648 - -1
2650 - 4665
2650 - 5445
2653 - -1
2654 - 3790
2654 - 5615
2655 - 2844
2655 - 5295
2655 - 4714
2657 - 3420
2660 - 5118
2660 - 4409
2662 - -1
2663 - 3777
2663 - 5236
2667 - 3795
2667 - 5122
2667 - 3769
2670 - 4746
2670 - 3753
2670 - 4408
2670 - 3280
2670 - 4753
2672 - 3355
2673 - 4321
2675 - 4348
2675 - 5179
2678 - 4941
2679 - 2887
2679 - 2835
2685 - -1
2686 - -1
2688 - 3325
2688 - 5587
2688 - 4998
2689 - 4596
2690 - 3383
2691 - 4913
2692 - 3447
2692 - 3054
2693 - -1
2702 - 5174
2703 - 5090
2703 - 3690
2706 - 3907
2707 - 2748
2707 - 4329
2708 - 5153
2709 - 5299
2711 - 2759
2711 - 3206
2718 - 4615
2720 - 5646
2720 - 4582
2722 - 5591
2722 - 5703
2723 - 3294
2723 - 2790
2724 - 3929
2724 - 4464
2726 - 5379
2729 - 4937
2729 - 5445
2730 - -1
2731 - 5105
2733 - 4552
2736 - 5295
2737 - 5179
2737 - 4690
2738 - 3605
2738 - 3558
2739 - 4821
2739 - 4064
2740 - 3689
2742 - 5358
2742 - 3442
2745 - 5333
2745 - 5082
2746 - -1
2747 - 4073
2747 - 3010
2748 - 3622
2748 - 4070
2750 - 4617
2751 - 3941
2751 - 2933
2752 - -1
2753 - 2988
2753 - 5276
2756 - 4092
2756 - 4086
2758 - 4322
2758 - 4804
2759 - 5399
2759 - 5350
2760 - -1
2761 - 3612
2761 - 4683
2762 - 5684
2762 - 4685
2763 - -1
2764 - 4901
2766 - 3789
2766 - 5201
2767 - 4683
2768 - 5569
2769 - 4815
2770 - -1
2771 - 3234
2771 - 5519
2775 - -1
2776 - 3366
2776 - 4864
2777 - 3839
2777 - 4493
2778 - 2818
2780 - -1
2781 - 2938
2782 - 3916
2783 - 3531
2783 - 5635
2784 - -1
2785 - 4948
2786 - -1
2788 - 4343
2789 - 5102
2789 - 3631
2789 - 3073
2790 - 2992
2790 - 4598
2790 - 5643
2790 - 5194
2792 - -1
2793 - 3158
2793 - 3949
2794 - 4946
2794 - 4671
2799 - 4098
2800 - -1
2802 - -1
2804 - 5696
2804 - 3083
2806 - 4960
2807 - 4871
2814 - 5326
2814 - 3840
2814 - 2955
2814 - 4129
2816 - -1
2818 - 5686
2818 - 3676
2818 - 5150
2819 - 3209
2819 - 4392
2821 - 3789
2821 - 3854
2824 - 2829
2826 - -1
2828 - 3145
2828 - 3667
2828 - 5603
2829 - 4753
2830 - 5527
2833 - -1
2835 - -1
2836 - 5122
2838 - 5418
2838 - 3674
2839 - -1
2842 - -1
2844 - 4345
2845 - 4857
2846 - 5638
2847 - 4535
2848 - 3206
2848 - 5421
2849 - 4318
2850 - -1
2851 - -1
2854 - -1
2857 - -1
2858 - 4566
2858 - 5192
2859 - 3405
2859 - 2903
2864 - 5395
2864 - 4149
2865 - -1
2867 - 5334
2867 - 5492
2872 - -1
2873 - 5370
2874 - 5456
2874 - 3937
2874 - 4657
2874 - 4244
2876 - 5259
2876 - 4950
2876 - 4818
2881 - 4808
2881 - 4582
2882 - -1
2885 - 5617
2887 - 3420
2889 - 3998
2889 - 2996
2894 - -1
2896 - -1
2897 - -1
2900 - 5558
2901 - 3077
2903 - 3832
2903 - 3862
2903 - 5116
2903 - 3041
2904 - 3685
2904 - 3456
2905 - -1
2906 - 3874
2906 - 3220
2907 - -1
2909 - 4924
2910 - -1
2911 - -1
2912 - 5591
2912 - 5132
2915 - 4830
2916 - 4692
2916 - 5253
2917 - 2938
2917 - 5316
2918 - 5110
2919 - 3710
2921 - -1
2922 - 3640
2923 - 5292
2927 - 4731
2929 - 3374
2930 - 3806
2933 - 5014
2937 - -1
2938 - -1
2939 - -1
2948 - 4068
2949 - 3628
2949 - 3139
2952 - -1
2953 - 3485
2953 - 4136
2955 - -1
2957 - 4650
2958 - 4625
2959 - 3525
2960 - 4655
2962 - 3236
2962 - 5017
2964 - -1
2965 - 4556
2965 - 4519
2965 - 3006
2965 - 3085
2969 - -1
2973 - -1
2974 - 4996
2974 - 2998
2975 - 5508
2975 - 3304
2977 - -1
2984 - 5704
2984 - 3578
2986 - 3921
2986 - 3552
2988 - 5565
2988 - 5487
2988 - 3509
2992 - -1
2996 - 5197
2998 - 4339
2998 - 4671
2998 - 4256
2999 - 3678
2999 - 3579
3003 - 3552
3005 - 3855
3005 - 4262
3005 - 5237
3006 - 4960
3006 - 4222
3006 - 4605
3010 - -1
3013 - -1
3014 - 3551
3014 - 4722
3020 - -1
3021 - -1
3024 - -1
3025 - 5069
3025 - 4552
3027 - 3343
3030 - 3908
3031 - 3652
3031 - 4219
3032 - 4066
3036 - -1
3038 - 3914
3038 - 3953
3038 - 4257
3039 - -1
3040 - 4333
3040 - 5643
3041 - 4255
3041 - 3875
3042 - 4138
3042 - 3365
3043 - 5643
3049 - 5649
3049 - 4171
3049 - 4345
3054 - 3489
3054 - 5427
3054 - 3701
3057 - 3279
3057 - 3656
3058 - -1
3062 - 3964
3066 - 3908
3066 - 4715
3066 - 3461
3069 - 4203
3071 - 5686
3073 - -1
3074 - 3584
3074 - 3152
3077 - 4972
3083 - 4549
3083 - 5345
3085 - 5532
3086 - 3810
3089 - 3570
3090 - -1
3091 - 4863
3092 - 4135
3093 - 3307
3095 - 4712
3095 - 5470
3098 - 4291
3098 - 3225
3100 - 3941
3102 - 4262
3107 - 3664
3108 - 4629
3111 - -1
3113 - 4665
3115 - -1
3116 - 3445
3117 - 4306
3119 - 5521
3124 - -1
3128 - -1
3130 - 3333
3133 - 4799
3133 - 4045
3139 - -1
3140 - 3728
3143 - 5139
3145 - -1
3148 - -1
3149 - 3234
3150 - 3626
3152 - 4566
3154 - 5517
3156 - 4393
3156 - 4165
3158 - 4146
3161 - 5251
3165 - 5107
3167 - -1
3171 - 5367
3172 - -1
3173 - 4244
3174 - 3307
3174 - 4579
3174 - 4705
3177 - 3787
3178 - 3641
3180 - -1
3181 - 3715
3181 - 4819
3182 - -1
3183 - -1
3184 - 4747
3189 - 4660
3191 - 5538
3192 - 4344
3192 - 5358
3192 - 4599
3194 - 5266
3197 - 4800
3198 - 4892
3198 - 5011
3204 - 5705
3205 - 4251
3206 - -1
3207 - 5418
3209 - 3972
3210 - -1
3211 - 4466
3214 - 4124
3218 - 5500
3220 - 5333
3220 - 4422
3221 - 4628
3221 - 4318
3223 - 3646
3223 - 5620
3223 - 4454
3223 - 5585
3225 - 3916
3225 - 5642
3226 - -1
3228 - -1
3229 - 5039
3230 - -1
3231 - 3970
3231 - 3425
3234 - -1
3235 - -1
3236 - -1
3237 - 5629
3252 - -1
3255 - 4571
3256 - -1
3257 - 3576
3257 - 4381
3258 - 3673
3258 - 4782
3258 - 3947
3259 - -1
3260 - -1
3261 - -1
3265 - -1
3267 - 3782
3267 - 4464
3269 - 3578
3271 - 5431
3271 - 5647
3278 - 4422
3279 - 5058
3279 - 4419
3280 - 5570
3282 - 3921
3282 - 4126
3286 - -1
3289 - 5069
3289 - 5492
3289 - 3799
3290 - 4982
3294 - -1
3295 - 4448
3295 - 5152
3295 - 3626
3296 - 5305
3297 - 5107
3301 - -1
3304 - 3405
3304 - 5696
3304 - 3489
3306 - -1
3307 - -1
3308 - -1
3310 - -1
3312 - 3628
3316 - 5624
3316 - 3492
3320 - 4968
3325 - 5272
3327 - -1
3330 - -1
3333 - 4790
3335 - 4496
3337 - -1
3339 - 5635
3339 - 4138
3343 - -1
3345 - 3988
3345 - 5309
3354 - 4953
3355 - 3782
3359 - 5037
3360 - 5255
3362 - 3840
3365 - 3492
3366 - -1
3369 - 5503
3369 - 3858
3370 - -1
3373 - -1
3374 - 4610
3375 - -1
3376 - 5623
3376 - 4113
3379 - 5201
3383 - -1
3384 - 5514
3386 - 5318
3386 - 3927
3388 - 5569
3392 - -1
3393 - 4205
3393 - 3743
3394 - -1
3397 - 5037
3398 - 3627
3400 - 4086
3403 - 4140
3404 - 5538
3405 - -1
3406 - 4121
3410 - -1
3412 - 4451
3412 - 3492
3416 - 3721
3417 - 4064
3418 - 4005
3418 - 4758
3419 - 5558
3419 - 3657
3420 - -1
3422 - 4648
3422 - 5343
3424 - 4512
3425 - 4888
3426 - 3833
3427 - 5456
3427 - 5111
3427 - 5266
3427 - 4323
3428 - 4294
3429 - -1
3430 - -1
3431 - 3701
3431 - 4881
3434 - -1
3435 - -1
3436 - 4199
3436 - 4251
3438 - -1
3441 - 5703
3442 - 4281
3444 - 3584
3444 - 4815
3445 - 4094
3445 - 3686
3445 - 4242
3445 - 3462
3447 - 3512
3448 - 5278
3449 - 5602
3454 - 5510
3454 - 5516
3454 - 3462
3456 - 5295
3460 - -1
3461 - -1
3462 - -1
3465 - 3652
3467 - 5533
3468 - -1
3469 - 4809
3475 - -1
3485 - -1
3489 - 5241
3490 - 3878
3490 - 5053
3492 - 5253
3494 - 5075
3494 - 5583
3498 - -1
3501 - 5697
3502 - 3973
3502 - 5396
3505 - 3574
3509 - 4612
3512 - 5103
3513 - 4793
3514 - 4752
3514 - 5276
3514 - 5529
3514 - 5712
3515 - 5583
3516 - 5345
3518 - -1
3520 - 5201
3521 - 4410
3522 - 5656
3525 - -1
3526 - -1
3528 - 3719
3528 - 3938
3529 - -1
3531 - 5166
3531 - 4364
3531 - 4182
3533 - -1
3534 - 5301
3534 - 5438
3534 - 5686
3536 - 4997
3536 - 4110
3539 - 5628
3539 - 5334
3540 - -1
3541 - 5684
3541 - 4188
3541 - 4106
3544 - -1
3547 - 4898
3548 - -1
3550 - 4604
3551 - -1
3552 - 3719
3552 - 5517
3555 - 4439
3555 - 5574
3555 - 5065
3557 - -1
3558 - 5525
3558 - 4273
3559 - 4176
3560 - 4613
3560 - 4071
3560 - 5017
3560 - 5492
3561 - 4315
3562 - 5508
3562 - 5143
3565 - 5646
3568 - 4512
3570 - 4086
3571 - 3945
3572 - 3856
3572 - 4038
3574 - 5491
3574 - 5069
3574 - 5638
3575 - 4683
3575 - 3929
3575 - 4818
3576 - -1
3578 - 5462
3578 - 4810
3579 - -1
3583 - 4818
3583 - 4657
3583 - 5558
3584 - -1
3587 - 5320
3587 - 4845
3592 - -1
3593 - 3802
3594 - -1
3598 - 3636
3598 - 5647
3599 - 4287
3599 - 3690
3599 - 4591
3599 - 4129
3600 - -1
3601 - 4924
3605 - -1
3606 - -1
3607 - 4306
3607 - 4898
3612 - 4672
3612 - 4751
3615 - 3782
3615 - 3948
3620 - -1
3621 - 3832
3622 - 5532
3622 - 4460
3622 - 5584
3625 - -1
3626 - 5311
3627 - 5253
3628 - 4571
3629 - 5180
3629 - 3928
3631 - 5093
3631 - 4392
3633 - -1
3634 - 4655
3636 - 5529
3636 - 4554
3636 - 4283
3640 - 5433
3640 - 4068
3641 - -1
3643 - 4838
3643 - 5661
3644 - -1
3646 - 4199
3648 - 5155
3650 - 3982
3652 - 5303
3653 - -1
3655 - 4245
3655 - 4752
3656 - -1
3657 - -1
3659 - 4991
3659 - 4885
3660 - 4386
3661 - -1
3663 - 5467
3663 - 5150
3664 - -1
3665 - -1
3666 - 4892
3667 - -1
3669 - 4295
3670 - -1
3671 - -1
3672 - 5694
3673 - 3851
3674 - 4664
3674 - 3898
3674 - 5222
3674 - 4086
3674 - 3987
3676 - -1
3678 - -1
3681 - -1
3682 - 4417
3682 - 5141
3685 - -1
3686 - -1
3689 - -1
3690 - -1
3691 - 4957
3693 - 5569
3694 - 4859
3694 - 4771
3694 - 3785
3696 - 3787
3696 - 4250
3700 - -1
3701 - 5142
3702 - 4163
3704 - 3749
3704 - 3782
3705 - 4600
3705 - 4588
3706 - 3878
3710 - -1
3711 - 4568
3713 - -1
3715 - 3828
3719 - -1
3721 - -1
3725 - -1
3728 - 4182
3728 - 4147
3730 - 4012
3735 - 5439
3737 - -1
3738 - -1
3740 - -1
3743 - -1
3748 - 4970
3749 - 4033
3753 - 5685
3754 - 5679
3756 - 4422
3759 - 3773
3762 - 5187
3763 - -1
3764 - 5210
3765 - 4997
3766 - 4761
3767 - -1
3768 - -1
3769 - 4059
3773 - -1
3774 - 4880
3775 - -1
3777 - 5116
3778 - 3940
3778 - 4566
3782 - 4979
3783 - 5184
3785 - -1
3787 - 5651
3789 - -1
3790 - 4343
3790 - 5161
3791 - -1
3793 - -1
3795 - 4721
3796 - -1
3798 - 4341
3799 - -1
3802 - -1
3804 - 5669
3804 - 4088
3804 - 4344
3806 - -1
3807 - 4044
3807 - 5419
3807 - 5645
3808 - 4969
3809 - -1
3810 - 5619
3810 - 4871
3810 - 4690
3811 - -1
3812 - -1
3815 - 4705
3815 - 5060
3816 - 5369
3817 - 4357
3821 - -1
3824 - 4804
3824 - 4821
3825 - 4028
3825 - 5607
3828 - -1
3830 - 5631
3830 - 5202
3830 - 5344
3831 - -1
3832 - -1
3833 - 4053
3833 - 4235
3834 - 4822
3834 - 4660
3835 - -1
3836 - -1
3837 - 4798
3838 - -1
3839 - 4894
3839 - 3949
3840 - -1
3841 - -1
3843 - -1
3845 - 4273
3846 - -1
3847 - 5672
3849 - -1
3851 - 5246
3851 - 4816
3852 - -1
3853 - 3939
3854 - 4796
3854 - 5656
3855 - -1
3856 - 5415
3857 - 4189
3858 - 4090
3859 - 4294
3859 - 5659
3860 - -1
3861 - -1
3862 - -1
3864 - -1
3866 - 5188
3868 - -1
3873 - 4953
3874 - 4716
3875 - 5533
3876 - 4863
3876 - 4121
3878 - 4552
3885 - -1
3892 - -1
3895 - 5546
3895 - 4425
3895 - 5217
3896 - -1
3898 - 5353
3899 - 4627
3901 - -1
3907 - -1
3908 - -1
3909 - 4996
3910 - -1
3913 - -1
3914 - 4999
3916 - -1
3917 - 5663
3918 - 4061
3921 - -1
3922 - 5090
3922 - 4083
3924 - 4329
3925 - 4697
3925 - 5491
3927 - 4552
3928 - -1
3929 - -1
3930 - -1
3936 - 5607
3937 - -1
3938 - -1
3939 - -1
3940 - -1
3941 - 4105
3941 - 4542
3942 - 4047
3943 - 5331
3943 - 4188
3945 - 5503
3945 - 4569
3946 - -1
3947 - -1
3948 - 4571
3948 - 4496
3948 - 5571
3948 - 5079
3949 - 4123
3952 - -1
3953 - -1
3954 - -1
3955 - 5358
3955 - 5110
3958 - 4471
3958 - 4806
3960 - 4997
3963 - -1
3964 - -1
3965 - 5279
3966 - -1
3970 - -1
3972 - -1
3973 - 5043
3974 - -1
3975 - 4845
3975 - 5082
3976 - 5629
3976 - 4200
3977 - -1
3981 - -1
3982 - -1
3986 - 4136
3986 - 4708
3987 - 5246
3987 - 4984
3987 - 4897
3988 - -1
3992 - -1
3993 - 5009
3994 - 4601
3994 - 5529
3997 - -1
3998 - 4827
3999 - 4953
4001 - -1
4002 - -1
4003 - -1
4005 - 4442
4006 - 4753
4007 - 4505
4007 - 4668
4009 - -1
4012 - 5573
4023 - -1
4025 - 5557
4026 - -1
4028 - 4905
4032 - -1
4033 - 4078
4033 - 4810
4035 - -1
4036 - -1
4038 - -1
4042 - 5386
4044 - -1
4045 - -1
4047 - 5679
4047 - 4121
4047 - 5259
4048 - 4657
4051 - 5646
4051 - 5130
4053 - -1
4054 - -1
4055 - -1
4057 - 4561
4058 - 5027
4059 - 5370
4061 - 4813
4064 - -1
4065 - 4248
4066 - 5418
4066 - 4914
4066 - 4612
4067 - 5661
4068 - -1
4069 - 4184
4069 - 5234
4069 - 4318
4070 - -1
4071 - -1
4073 - -1
4078 - 4812
4080 - -1
4082 - 5697
4083 - -1
4084 - 5193
4085 - 5187
4085 - 5544
4085 - 5624
4086 - -1
4088 - -1
4090 - 5395
4090 - 4518
4092 - -1
4093 - 4320
4094 - 5236
4094 - 4330
4096 - 4819
4098 - -1
4105 - 4344
4106 - -1
4108 - 5568
4108 - 4879
4110 - 4808
4113 - -1
4114 - 4214
4115 - 4989
4116 - -1
4120 - 4596
4121 - 4214
4123 - 5362
4124 - 5589
4124 - 4519
4124 - 5356
4124 - 5151
4126 - 4824
4129 - -1
4130 - -1
4135 - 4484
4136 - -1
4138 - -1
4140 - 4330
4140 - 5314
4140 - 4577
4143 - -1
4145 - 5189
4146 - 4969
4147 - 4549
4147 - 4288
4149 - 5326
4150 - 4755
4150 - 4193
4150 - 4985
4151 - -1
4152 - -1
4155 - 5102
4157 - 4720
4159 - -1
4160 - 5638
4161 - -1
4162 - 5590
4163 - -1
4165 - -1
4167 - 4799
4171 - -1
4172 - -1
4174 - 4184
4175 - -1
4176 - -1
4180 - -1
4182 - 4381
4184 - -1
4185 - -1
4187 - 5653
4188 - -1
4189 - 4549
4190 - -1
4191 - -1
4193 - -1
4195 - 4688
4197 - 5650
4199 - -1
4200 - 4775
4203 - -1
4204 - 5509
4204 - 5145
4205 - -1
4206 - -1
4208 - 5619
4208 - 4723
4210 - -1
4213 - 4801
4214 - 4553
4216 - 4560
4219 - 5423
4222 - -1
4223 - -1
4225 - 4320
4226 - 5176
4229 - -1
4230 - -1
4234 - -1
4235 - 5240
4236 - 5257
4241 - -1
4242 - 5313
4243 - 5641
4244 - -1
4245 - 4391
4246 - -1
4248 - -1
4250 - -1
4251 - 5615
4251 - 5584
4251 - 5573
4253 - 5115
4254 - 5103
4254 - 5672
4255 - -1
4256 - 4646
4256 - 4951
4257 - 4561
4259 - -1
4260 - 5651
4261 - 5299
4262 - -1
4263 - 4602
4264 - -1
4265 - -1
4266 - -1
4267 - 5562
4270 - -1
4272 - 4701
4273 - -1
4275 - 5177
4275 - 4792
4279 - 5560
4280 - 4540
4280 - 4582
4281 - 5087
4281 - 5550
4282 - -1
4283 - 4839
4284 - -1
4287 - 4813
4287 - 4651
4287 - 5584
4288 - -1
4289 - -1
4290 - -1
4291 - -1
4293 - -1
4294 - 4839
4294 - 5234
4295 - 5640
4297 - 5624
4298 - 5624
4301 - -1
4304 - -1
4306 - 5590
4313 - -1
4314 - -1
4315 - -1
4318 - 4542
4318 - 4403
4318 - 5292
4320 - 4322
4321 - 5117
4322 - -1
4323 - 4466
4325 - -1
4329 - 4751
4330 - -1
4331 - 5525
4333 - 4484
4335 - 4932
4336 - 4810
4339 - -1
4341 - 4569
4341 - 5105
4341 - 5334
4342 - 4521
4343 - 5444
4344 - 4736
4345 - 5082
4345 - 4729
4347 - -1
4348 - -1
4349 - -1
4355 - 4937
4355 - 5145
4357 - -1
4359 - -1
4360 - -1
4364 - -1
4366 - 4770
4366 - 5122
4368 - 5585
4370 - -1
4372 - -1
4373 - -1
4374 - 4560
4376 - 5374
4379 - -1
4381 - -1
4382 - -1
4383 - -1
4384 - -1
4385 - 5162
4385 - 5283
4386 - -1
4389 - 4628
4391 - 5304
4391 - 5145
4391 - 5324
4392 - 5184
4393 - -1
4398 - 4606
4402 - -1
4403 - -1
4405 - 5684
4405 - 4529
4408 - -1
4409 - 4873
4410 - 5284
4410 - 5196
4411 - 5366
4413 - -1
4416 - -1
4417 - -1
4419 - 5154
4419 - 5030
4421 - 5631
4421 - 5666
4422 - -1
4425 - 4803
4426 - -1
4429 - 5164
4430 - 4869
4430 - 5517
4437 - -1
4439 - -1
4440 - -1
4441 - 5605
4442 - 4811
4448 - -1
4450 - -1
4451 - -1
4453 - -1
4454 - -1
4457 - 5584
4459 - -1
4460 - 4524
4460 - 5418
4462 - 4734
4462 - 5539
4464 - 4757
4466 - 5031
4466 - 4981
4469 - 4493
4469 - 4503
4471 - -1
4479 - -1
4482 - -1
4484 - 5484
4485 - -1
4487 - -1
4489 - -1
4490 - -1
4493 - -1
4495 - 5117
4496 - -1
4503 - 4721
4503 - 4747
4505 - -1
4508 - -1
4512 - 5308
4513 - 4880
4517 - -1
4518 - 5015
4519 - -1
4520 - 5253
4521 - -1
4522 - 4554
4524 - -1
4525 - -1
4527 - 4999
4528 - -1
4529 - 4828
4530 - 5103
4530 - 4599
4532 - 4951
4534 - -1
4535 - -1
4538 - -1
4539 - -1
4540 - -1
4542 - -1
4544 - -1
4545 - 4997
4548 - -1
4549 - -1
4550 - -1
4552 - -1
4553 - -1
4554 - -1
4555 - -1
4556 - 5066
4559 - 4668
4560 - -1
4561 - 5171
4563 - -1
4564 - -1
4566 - -1
4568 - -1
4569 - -1
4571 - -1
4572 - 4950
4572 - 5641
4574 - -1
4577 - -1
4579 - -1
4581 - -1
4582 - 5427
4582 - 4669
4584 - 4833
4588 - -1
4591 - -1
4593 - -1
4595 - -1
4596 - 5018
4596 - 4963
4597 - -1
4598 - -1
4599 - -1
4600 - -1
4601 - -1
4602 - 4799
4602 - 4775
4604 - -1
4605 - -1
4606 - 5171
4607 - 5376
4608 - -1
4609 - -1
4610 - 4938
4610 - 5714
4612 - -1
4613 - 5161
4614 - -1
4615 - -1
4617 - -1
4618 - -1
4619 - 5462
4621 - -1
4622 - -1
4624 - -1
4625 - 5590
4625 - 5676
4627 - 5161
4627 - 4662
4628 - 5470
4628 - 5638
4629 - -1
4632 - -1
4633 - 4723
4636 - -1
4638 - -1
4641 - -1
4642 - 5291
4646 - -1
4648 - 5036
4650 - 5087
4650 - 4715
4651 - 4715
4655 - -1
4657 - -1
4659 - 5508
4660 - 5649
4661 - -1
4662 - -1
4664 - -1
4665 - 5711
4668 - -1
4669 - -1
4670 - 5496
4671 - 5314
4671 - 5395
4671 - 5676
4672 - -1
4673 - 5404
4682 - 5194
4683 - -1
4685 - 5650
4686 - -1
4688 - 5155
4690 - -1
4692 - 4941
4697 - 5122
4700 - 5414
4701 - -1
4702 - 5047
4702 - 5251
4704 - 5284
4705 - -1
4707 - -1
4708 - -1
4709 - 5125
4712 - 4846
4714 - -1
4715 - -1
4716 - -1
4717 - -1
4718 - -1
4719 - 5367
4720 - 5015
4720 - 4913
4721 - 5679
4722 - 4966
4723 - -1
4726 - 5319
4728 - -1
4729 - -1
4731 - 4941
4732 - -1
4733 - -1
4734 - -1
4736 - 5605
4738 - 5093
4740 - 5018
4740 - 4979
4742 - -1
4744 - 5153
4746 - 5600
4747 - -1
4748 - 5508
4751 - -1
4752 - 5506
4753 - -1
4754 - 5255
4755 - -1
4757 - 5171
4758 - -1
4760 - 5255
4761 - -1
4764 - -1
4765 - -1
4768 - -1
4769 - -1
4770 - -1
4771 - -1
4772 - 5087
4774 - 5696
4775 - -1
4777 - -1
4779 - -1
4781 - -1
4782 - -1
4783 - -1
4784 - 4869
4790 - 5288
4792 - 5359
4793 - -1
4794 - -1
4796 - -1
4798 - -1
4799 - -1
4800 - -1
4801 - 5487
4802 - 5117
4802 - 4819
4802 - 4935
4803 - 5638
4804 - -1
4805 - 5599
4805 - 4890
4805 - 5116
4806 - -1
4808 - -1
4809 - -1
4810 - -1
4811 - -1
4812 - -1
4813 - -1
4815 - -1
4816 - -1
4818 - -1
4819 - -1
4821 - 5636
4822 - -1
4823 - -1
4824 - -1
4825 - 5237
4826 - 5269
4827 - -1
4828 - 5573
4829 - 5084
4830 - -1
4833 - 5196
4833 - 5640
4834 - -1
4838 - -1
4839 - -1
4840 - -1
4843 - 4968
4845 - 5714
4846 - -1
4849 - 5705
4850 - -1
4851 - 5584
4852 - 5353
4854 - -1
4857 - -1
4859 - -1
4863 - -1
4864 - -1
4867 - 5680
4869 - -1
4871 - -1
4873 - -1
4878 - -1
4879 - -1
4880 - -1
4881 - -1
4883 - 4952
4885 - -1
4886 - -1
4888 - -1
4890 - -1
4892 - -1
4894 - -1
4896 - -1
4897 - -1
4898 - -1
4900 - -1
4901 - -1
4905 - 5400
4908 - -1
4911 - -1
4912 - -1
4913 - -1
4914 - -1
4915 - -1
4917 - -1
4919 - -1
4924 - -1
4925 - 5023
4930 - -1
4931 - -1
4932 - -1
4933 - 5709
4935 - -1
4937 - 5428
4938 - 5266
4941 - -1
4944 - -1
4945 - -1
4946 - -1
4948 - -1
4949 - 5259
4949 - 5125
4949 - 5445
4950 - -1
4951 - -1
4952 - -1
4953 - 5255
4955 - 4990
4957 - 5295
4960 - -1
4961 - -1
4962 - -1
4963 - -1
4966 - -1
4967 - 5041
4968 - 5158
4969 - -1
4970 - -1
4971 - 5517
4972 - -1
4975 - -1
4977 - -1
4979 - -1
4981 - 5519
4982 - -1
4984 - -1
4985 - -1
4988 - -1
4989 - -1
4990 - -1
4991 - -1
4996 - -1
4997 - -1
4998 - -1
4999 - -1
5000 - -1
5003 - -1
5004 - 5425
5007 - -1
5009 - 5154
5009 - 5510
5011 - -1
5012 - -1
5014 - -1
5015 - -1
5017 - -1
5018 - -1
5021 - -1
5023 - -1
5024 - -1
5025 - 5628
5027 - -1
5028 - -1
5029 - -1
5030 - 5444
5030 - 5690
5031 - -1
5033 - -1
5036 - -1
5037 - -1
5038 - -1
5039 - -1
5041 - 5411
5042 - -1
5043 - 5186
5044 - -1
5045 - 5418
5045 - 5117
5047 - -1
5049 - -1
5051 - -1
5053 - 5187
5055 - -1
5056 - 5264
5058 - -1
5060 - -1
5061 - 5184
5062 - -1
5063 - 5245
5063 - 5330
5065 - -1
5066 - -1
5068 - -1
5069 - -1
5071 - 5661
5072 - 5334
5075 - 5461
5076 - 5519
5076 - 5184
5078 - -1
5079 - -1
5081 - -1
5082 - -1
5083 - 5695
5083 - 5141
5084 - 5141
5087 - -1
5088 - -1
5090 - -1
5093 - -1
5095 - -1
5100 - -1
5102 - -1
5103 - -1
5105 - -1
5106 - 5249
5107 - -1
5110 - -1
5111 - -1
5114 - -1
5115 - -1
5116 - -1
5117 - -1
5118 - -1
5120 - -1
5121 - -1
5122 - -1
5123 - -1
5124 - -1
5125 - 5513
5125 - 5171
5126 - -1
5130 - -1
5131 - -1
5132 - -1
5133 - 5257
5133 - 5646
5133 - 5259
5135 - -1
5139 - -1
5141 - -1
5142 - -1
5143 - -1
5145 - 5441
5147 - -1
5150 - 5661
5151 - -1
5152 - 5668
5153 - -1
5154 - 5225
5155 - -1
5156 - -1
5157 - -1
5158 - 5269
5160 - -1
5161 - -1
5162 - -1
5163 - -1
5164 - -1
5166 - 5269
5171 - 5471
5172 - -1
5174 - -1
5176 - -1
5177 - -1
5179 - -1
5180 - -1
5183 - -1
5184 - -1
5186 - -1
5187 - 5423
5188 - -1
5189 - -1
5190 - -1
5192 - 5204
5193 - 5611
5194 - -1
5195 - -1
5196 - 5679
5196 - 5508
5197 - 5203
5201 - 5603
5202 - -1
5203 - 5332
5204 - 5324
5207 - -1
5208 - -1
5209 - -1
5210 - 5286
5217 - -1
5218 - -1
5220 - -1
5222 - -1
5224 - -1
5225 - -1
5226 - -1
5228 - -1
5233 - -1
5234 - -1
5236 - -1
5237 - 5574
5237 - 5394
5238 - 5582
5238 - 5617
5240 - -1
5241 - -1
5243 - -1
5245 - -1
5246 - -1
5249 - -1
5251 - 5603
5253 - -1
5255 - -1
5257 - -1
5259 - -1
5262 - -1
5264 - -1
5265 - 5299
5266 - -1
5268 - -1
5269 - -1
5272 - 5439
5273 - -1
5276 - -1
5278 - 5603
5279 - 5704
5279 - 5558
5280 - 5316
5283 - -1
5284 - -1
5286 - -1
5288 - -1
5291 - 5692
5292 - -1
5293 - -1
5294 - -1
5295 - -1
5296 - -1
5299 - -1
5301 - -1
5303 - 5612
5304 - -1
5305 - -1
5306 - -1
5307 - -1
5308 - -1
5309 - -1
5310 - -1
5311 - -1
5313 - -1
5314 - -1
5315 - -1
5316 - -1
5317 - -1
5318 - -1
5319 - -1
5320 - -1
5322 - 5371
5324 - -1
5326 - -1
5327 - -1
5328 - -1
5330 - -1
5331 - 5689
5332 - -1
5333 - -1
5334 - -1
5335 - -1
5336 - -1
5337 - -1
5338 - -1
5341 - -1
5343 - -1
5344 - 5624
5345 - -1
5348 - 5705
5350 - -1
5351 - -1
5353 - -1
5354 - -1
5356 - -1
5358 - -1
5359 - -1
5360 - 5414
5361 - -1
5362 - -1
5363 - -1
5366 - -1
5367 - -1
5369 - -1
5370 - -1
5371 - -1
5374 - -1
5375 - -1
5376 - 5665
5379 - -1
5380 - -1
5384 - -1
5385 - -1
5386 - -1
5389 - -1
5392 - -1
5394 - -1
5395 - -1
5396 - -1
5398 - -1
5399 - -1
5400 - 5659
5401 - -1
5404 - -1
5405 - -1
5407 - -1
5409 - -1
5411 - -1
5414 - -1
5415 - -1
5416 - 5695
5418 - -1
5419 - 5641
5420 - -1
5421 - -1
5422 - -1
5423 - -1
5425 - -1
5426 - -1
5427 - -1
5428 - -1
5430 - 5490
5431 - -1
5433 - -1
5434 - 5602
5436 - -1
5438 - -1
5439 - -1
5441 - -1
5443 - -1
5444 - -1
5445 - -1
5447 - -1
5448 - -1
5450 - -1
5452 - 5500
5453 - -1
5455 - -1
5456 - -1
5457 - -1
5461 - -1
5462 - -1
5466 - -1
5467 - -1
5469 - -1
5470 - -1
5471 - -1
5474 - -1
5476 - -1
5477 - -1
5479 - -1
5480 - -1
5482 - -1
5483 - -1
5484 - -1
5487 - -1
5490 - -1
5491 - -1
5492 - -1
5493 - -1
5496 - -1
5497 - -1
5498 - 5533
5498 - 5562
5500 - -1
5503 - -1
5504 - -1
5506 - -1
5508 - -1
5509 - -1
5510 - -1
5512 - -1
5513 - -1
5514 - -1
5515 - -1
5516 - -1
5517 - -1
5519 - -1
5521 - 5680
5522 - -1
5524 - -1
5525 - -1
5527 - -1
5529 - -1
5531 - -1
5532 - -1
5533 - -1
5534 - -1
5536 - -1
5538 - -1
5539 - -1
5544 - -1
5546 - -1
5549 - -1
5550 - -1
5554 - -1
5556 - -1
5557 - -1
5558 - -1
5559 - -1
5560 - -1
5562 - -1
5563 - -1
5565 - -1
5567 - -1
5568 - -1
5569 - -1
5570 - -1
5571 - -1
5573 - -1
5574 - -1
5577 - -1
5582 - -1
5583 - -1
5584 - -1
5585 - -1
5586 - -1
5587 - -1
5588 - -1
5589 - -1
5590 - -1
5591 - -1
5593 - -1
5594 - -1
5598 - -1
5599 - -1
5600 - -1
5601 - -1
5602 - -1
5603 - -1
5604 - -1
5605 - -1
5607 - -1
5609 - -1
5610 - -1
5611 - -1
5612 - -1
5614 - -1
5615 - -1
5616 - -1
5617 - -1
5618 - -1
5619 - -1
5620 - -1
5623 - -1
5624 - -1
5625 - -1
5626 - -1
5627 - -1
5628 - -1
5629 - -1
5631 - -1
5633 - -1
5634 - -1
5635 - -1
5636 - -1
5638 - -1
5639 - -1
5640 - -1
5641 - -1
5642 - -1
5643 - -1
5645 - -1
5646 - -1
5647 - -1
5649 - -1
5650 - -1
5651 - -1
5653 - -1
5656 - -1
5657 - -1
5659 - -1
5661 - -1
5662 - -1
5663 - -1
5664 - -1
5665 - -1
5666 - -1
5667 - -1
5668 - -1
5669 - -1
5672 - -1
5675 - -1
5676 - -1
5677 - -1
5679 - -1
5680 - -1
5681 - -1
5682 - -1
5684 - -1
5685 - -1
5686 - -1
5687 - -1
5689 - -1
5690 - -1
5692 - -1
5694 - -1
5695 - -1
5696 - -1
5697 - -1
5699 - -1
5701 - -1
5703 - -1
5704 - -1
5705 - -1
5706 - -1
5709 - -1
5710 - -1
5711 - -1
5712 - -1
5714 - -1

0 - 2982
2 - 2941
2 - 1430
2 - 3127
2 - 243
2 - 3078
2 - 1429
3 - 3478
3 - 1890
3 - 1424
3 - 3477
3 - 1734
4 - 4128
5 - 3378
5 - 4077
7 - 2002
7 - 2469
7 - 987
9 - 3771
9 - 32
11 - 1411
11 - 1245
11 - 2199
12 - 4020
12 - 3187
13 - 1261
13 - 2827
14 - 4653
14 - 78
15 - 3008
15 - 1742
15 - 3638
15 - 4858
16 - 287
16 - 553
16 - 485
17 - 2680
17 - 1962
17 - 655
17 - 645
18 - 4884
18 - 5578
19 - 1603
19 - 72
21 - 1178
21 - 3053
22 - 928
22 - 2349
23 - 4196
23 - 5365
24 - 1457
24 - 2488
24 - 3457
24 - 2681
25 - 1847
25 - 3923
26 - 4696
27 - 4399
27 - 3274
29 - 857
29 - 3067
29 - 179
30 - 3519
30 - 4934
30 - 1153
30 - 3556
30 - 1780
31 - 1032
31 - 2011
31 - 149
31 - 2902
32 - 2284
32 - 2264
34 - 1672
34 - 680
36 - 1435
37 - 953
37 - 1516
38 - 2985
38 - 1346
39 - 4435
39 - 1619
39 - 3556
41 - 3157
41 - 854
42 - 1995
42 - 3129
42 - 4296
44 - 4745
44 - 574
44 - 555
44 - 774
45 - 961
45 - 4156
45 - 1421
45 - 100
46 - 2779
47 - 5632
47 - 2549
47 - 2193
47 - 1214
47 - 5229
49 - 2227
49 - 1635
51 - 4377
51 - 3164
51 - 4475
51 - 891
51 - 4703
51 - 2832
52 - 1450
52 - 2997
57 - 3624
57 - 503
58 - 3619
60 - 1171
62 - 4362
63 - 1974
63 - 2028
63 - 2728
63 - 3160
64 - 4418
64 - 4309
65 - 5206
67 - 4710
67 - 819
67 - 3023
68 - 5702
68 - 494
68 - 3273
68 - 1331
68 - 4077
69 - 5575
69 - 3281
69 - 5630
70 - 3623
70 - 2071
70 - 3076
70 - 4179
71 - 3136
71 - 5543
71 - 1096
72 - 5206
72 - 3902
72 - 282
73 - 637
73 - 5449
76 - 3351
78 - 2641
78 - 2057
79 - 1164
79 - 973
79 - 490
80 - 4356
80 - 2245
82 - 2895
83 - 1068
84 - 5449
84 - 194
84 - 601
85 - 4375
85 - 425
85 - 3023
85 - 4212
86 - 1177
86 - 2694
86 - 1025
86 - 1602
87 - 3844
87 - 2281
87 - 3212
88 - 2489
88 - 352
91 - 1606
91 - 3114
91 - 2619
93 - 1722
93 - 2936
94 - 414
94 - 5387
94 - 3904
95 - 5412
95 - 634
98 - 1581
98 - 1542
99 - 2868
99 - 4040
99 - 2409
99 - 2315
99 - 525
100 - 1383
100 - 426
101 - 2970
102 - 3742
102 - 1690
103 - 4166
103 - 268
103 - 496
103 - 840
103 - 3772
104 - 2253
104 - 5144
104 - 5138
105 - 4637
105 - 1421
105 - 1477
106 - 776
106 - 5229
107 - 774
107 - 5302
107 - 3052
110 - 2812
110 - 1503
110 - 1283
112 - 3007
113 - 869
113 - 4763
113 - 4995
113 - 785
113 - 566
113 - 645
113 - 2391
114 - 128
114 - 158
114 - 1023
114 - 2048
115 - 389
117 - 398
119 - 385
119 - 161
120 - 5181
120 - 2351
121 - 535
122 - 3285
122 - 579
122 - 1989
122 - 1081
122 - 2209
124 - 5551
124 - 2908
124 - 5231
125 - 1431
125 - 2630
126 - 1795
126 - 2940
126 - 232
126 - 3923
128 - 4494
128 - 886
128 - 2089
129 - 5580
129 - 786
130 - 3344
130 - 2429
130 - 495
133 - 5198
133 - 254
133 - 2324
134 - 5472
134 - 1892
135 - 2795
135 - 1105
135 - 4443
135 - 2133
138 - 2082
138 - 4400
138 - 3399
142 - 673
142 - 3484
143 - 5080
143 - 2215
143 - 4954
144 - 4400
144 - 376
144 - 3776
144 - 4139
149 - 4316
149 - 877
149 - 4526
149 - 1198
152 - 3399
152 - 261
152 - 3243
152 - 746
152 - 3136
153 - 4095
153 - 3923
153 - 604
153 - 3277
153 - 4994
158 - 4647
158 - 708
159 - 4420
159 - 3437
159 - 3371
159 - 961
161 - 3195
161 - 2967
161 - 2735
162 - 5486
162 - 5006
162 - 1979
164 - 2299
164 - 1020
167 - 3479
168 - 1838
168 - 5040
168 - 5211
169 - 5581
169 - 368
172 - 1896
172 - 2079
174 - 3141
174 - 3519
174 - 5463
175 - 2825
176 - 2444
176 - 2097
176 - 3044
176 - 673
178 - 4567
178 - 1576
179 - 3440
179 - 1751
180 - 1787
180 - 3239
181 - 4365
184 - 465
184 - 3026
185 - 1656
185 - 2172
185 - 4891
187 - 1308
188 - 5026
188 - 1392
188 - 4910
189 - 1950
189 - 626
190 - 2281
190 - 3334
190 - 3865
191 - 1512
191 - 760
191 - 540
191 - 1107
192 - 2357
192 - 286
192 - 5300
193 - 389
193 - 2399
194 - 3293
194 - 4063
194 - 5185
195 - 2071
195 - 1969
196 - 1951
196 - 1415
196 - 2195
196 - 5213
199 - 844
199 - 1673
199 - 638
200 - 1365
202 - 1687
202 - 3146
203 - 3244
203 - 4741
203 - 465
204 - 5368
204 - 2982
205 - 5034
205 - 757
205 - 610
206 - 3510
206 - 4081
207 - 2322
207 - 2238
207 - 3647
207 - 3736
208 - 4836
208 - 3788
209 - 217
209 - 2712
210 - 3253
210 - 1851
214 - 827
216 - 2421
217 - 2214
217 - 2700
217 - 379
218 - 3401
218 - 5263
221 - 1415
222 - 4767
222 - 2284
222 - 2883
222 - 3881
224 - 5247
224 - 4307
225 - 485
225 - 3503
225 - 2192
225 - 2509
227 - 2478
227 - 5402
227 - 3138
227 - 2963
228 - 1190
228 - 2022
228 - 1099
230 - 852
231 - 2263
231 - 460
231 - 4506
231 - 3147
232 - 1227
233 - 4220
235 - 3569
235 - 4034
235 - 2513
237 - 3247
238 - 564
238 - 1117
238 - 1627
240 - 5655
240 - 2008
242 - 2453
242 - 312
243 - 1028
243 - 1714
245 - 1816
245 - 566
246 - 4927
246 - 1057
248 - 4456
248 - 3176
248 - 1066
249 - 269
249 - 3820
252 - 5148
252 - 1672
252 - 666
254 - 4735
254 - 4616
255 - 4312
255 - 906
255 - 487
256 - 440
259 - 2002
259 - 4658
261 - 2351
261 - 4362
261 - 3200
261 - 3771
261 - 4456
261 - 823
262 - 1003
262 - 4247
263 - 1547
263 - 1191
264 - 495
265 - 890
265 - 1494
265 - 3342
265 - 1046
265 - 1923
266 - 4983
266 - 2863
268 - 5526
268 - 4122
268 - 3632
269 - 5227
269 - 839
271 - 778
271 - 1562
271 - 2063
271 - 3476
274 - 2176
276 - 1739
277 - 2963
277 - 495
277 - 3709
278 - 2300
279 - 4773
279 - 440
280 - 3159
280 - 1974
281 - 5485
281 - 1126
281 - 435
282 - 4499
282 - 2898
283 - 475
283 - 3078
284 - 4112
284 - 2316
285 - 2331
285 - 3870
285 - 3542
285 - 5080
285 - 2980
285 - 3530
285 - 549
285 - 1376
285 - 4477
285 - 290
286 - 4856
286 - 1830
287 - -1
288 - 4221
288 - 4276
288 - 3106
289 - 3931
289 - 3170
289 - 3549
290 - 5349
290 - 2341
290 - 2539
290 - 5048
290 - 857
291 - 3162
291 - 4387
291 - 695
291 - 3372
291 - 5046
292 - 4902
292 - 4533
292 - 1622
293 - 322
293 - 4158
293 - 4499
293 - 5606
294 - 3125
298 - 1825
298 - 3136
298 - 299
299 - 984
299 - 490
299 - 2407
299 - 1340
301 - 1635
302 - 3822
302 - 4676
303 - 1787
303 - 2995
303 - 3961
303 - 1121
304 - 3912
304 - 2574
305 - 603
305 - 4780
305 - 5530
305 - 809
306 - 1304
306 - 1619
307 - 4756
307 - 4233
307 - 2791
308 - 5505
308 - 1429
308 - 3222
308 - 2253
308 - 2089
309 - 5390
309 - 523
310 - 1070
311 - 4501
311 - 1664
312 - 3549
315 - 4678
316 - 337
316 - 3819
317 - 2197
318 - 2945
318 - 2681
318 - 2057
319 - 5070
319 - 4910
320 - 2926
321 - 5136
321 - 1002
321 - 3703
322 - 1712
324 - 5460
324 - 1411
325 - 1785
327 - 4352
328 - 5263
328 - 1272
328 - 1175
328 - 2111
328 - 2772
329 - 5381
329 - 4102
330 - 3933
330 - 767
331 - 1791
331 - 1226
332 - 425
332 - 4875
333 - 3580
333 - 2541
334 - 3160
334 - 552
335 - 1973
335 - 2399
335 - 5464
337 - 1953
337 - 4786
338 - 3683
338 - 665
338 - 2476
338 - 1851
338 - 3060
341 - 2013
341 - 1114
342 - 891
342 - 741
344 - 2207
344 - 2338
344 - 653
344 - 2223
345 - 3368
345 - 1459
350 - 3500
350 - 3268
350 - 4249
350 - 2335
351 - 4656
351 - 1498
351 - 1213
351 - 3722
351 - 3213
352 - 5215
352 - 1894
355 - 5613
355 - 1012
356 - 5528
356 - 388
356 - 4679
356 - 2820
357 - 5518
357 - 5112
357 - 2791
358 - 2273
358 - 607
358 - 2082
358 - 1110
360 - 3805
360 - 4603
361 - 4158
361 - 3132
364 - 5349
364 - 3716
364 - 2961
365 - 2363
365 - 1189
365 - 2841
367 - 1426
367 - 5137
367 - 5551
368 - 2190
370 - 1622
370 - 2671
371 - 4310
371 - 2757
371 - 4022
371 - 741
372 - 2735
375 - 2240
375 - 1105
376 - 1189
376 - 5001
377 - 2156
377 - 530
377 - 3245
379 - 3894
381 - 1808
383 - 4302
385 - 3342
387 - 4231
388 - 1707
388 - 1509
389 - 4218
391 - 765
391 - 4780
393 - 3056
393 - 4097
393 - 2621
394 - 3311
394 - 1366
394 - 727
394 - 532
394 - 4656
394 - 3351
395 - 684
395 - 5098
396 - 491
396 - 5185
396 - 584
396 - 3372
397 - 546
397 - 4310
397 - 3135
397 - 5429
398 - 3452
398 - 1090
398 - 2444
401 - 3813
401 - 1131
402 - 2582
404 - 1792
405 - 2427
405 - 3956
407 - 912
407 - 1023
407 - 727
408 - 2337
408 - 1070
409 - 4148
409 - 5175
414 - 590
414 - 1277
417 - 578
417 - 1062
418 - 4741
418 - 1405
418 - 2852
418 - 2401
419 - 3850
419 - 979
419 - 2171
420 - 3338
420 - 642
421 - 4620
421 - 517
421 - 4311
422 - 4976
422 - 4882
423 - 5321
423 - 464
423 - 5397
423 - 5575
424 - 1649
424 - 2468
424 - 3284
424 - 1066
425 - 1804
425 - 4643
425 - 5206
426 - 860
429 - 3466
429 - 2518
430 - 4050
430 - 3772
432 - 4735
432 - 4570
433 - 3078
433 - 1528
433 - 5495
434 - 2444
434 - 706
435 - 3727
435 - 5146
435 - 5312
435 - 2007
437 - 1107
437 - 1242
438 - 3135
438 - 1910
440 - 2371
440 - 510
442 - 4587
442 - 3596
442 - 3709
443 - 848
443 - 1324
443 - 3647
444 - 2694
444 - 2469
444 - 2510
445 - 2749
446 - 2676
446 - 1782
446 - 2914
448 - 3153
448 - 709
448 - 3527
449 - 4868
449 - 925
450 - 5489
451 - 4787
452 - 3061
454 - 3842
454 - 3623
456 - 3803
456 - 4674
457 - 4592
458 - 2246
458 - 3300
460 - 2412
460 - 665
460 - 3322
460 - 3747
460 - 4706
460 - 3352
461 - 5435
461 - 3733
461 - 3142
462 - 3508
464 - 1963
464 - 3399
465 - 4107
466 - 1576
469 - 5693
472 - 5275
472 - 3482
472 - 4220
472 - 3046
473 - 879
474 - 4337
474 - 1375
474 - 2349
474 - 5067
474 - 1062
475 - 3734
475 - 3978
476 - 2697
476 - 5032
476 - 1429
477 - 3546
478 - 655
478 - 2732
480 - 4578
480 - 4836
480 - 5101
482 - 5347
482 - 1059
482 - 3675
483 - 735
483 - 4789
485 - 4766
485 - 643
485 - 5035
485 - 886
487 - 3224
487 - 727
488 - 5167
488 - 2797
488 - 3055
490 - 4562
490 - 4043
490 - 3500
490 - 637
491 - -1
492 - 4118
492 - 3483
493 - 5213
493 - 5451
493 - 4239
494 - 2993
495 - 3880
496 - 3549
496 - 3055
497 - 5580
502 - 4194
502 - 5475
502 - 563
503 - 4139
503 - 5381
503 - 4030
504 - 957
504 - 1303
506 - 5010
506 - 2985
506 - 3242
506 - 2330
506 - 4198
508 - 5271
508 - 2649
508 - 657
509 - 1602
509 - 5206
509 - 639
509 - 3387
510 - 667
510 - 1671
510 - 2311
511 - 1569
511 - 5547
511 - 843
511 - 2224
512 - 1084
513 - 1551
514 - 3879
514 - 4317
515 - 4046
515 - 2332
517 - 4089
517 - 2347
517 - 2202
519 - 2301
519 - 3923
521 - 1897
521 - 2647
521 - 2050
523 - 3742
523 - 4380
523 - 552
525 - 3546
525 - 2787
526 - 4635
526 - 3103
527 - 5048
527 - 3094
527 - 1872
529 - 3983
529 - 4353
529 - 4499
530 - 5165
530 - 2193
531 - 1781
532 - 1388
532 - 670
532 - 1453
533 - 1867
533 - 4211
535 - 3511
535 - 2501
537 - 3004
539 - 4475
539 - 4011
539 - 4102
540 - 3118
540 - 1326
542 - 3530
542 - 1136
546 - 4004
546 - 4351
547 - 2945
548 - 1953
548 - 4795
549 - 3712
549 - 775
549 - 5688
549 - 2963
550 - 3603
550 - 3722
550 - 3323
552 - 2920
552 - 5289
552 - 976
553 - 2813
553 - 636
554 - 1750
554 - 2508
555 - 3300
556 - 5001
556 - 5523
556 - 2710
557 - 4434
557 - 2408
557 - 752
559 - 4514
559 - 4423
559 - 3538
561 - 4910
561 - 5486
561 - 572
563 - 2043
563 - 2774
563 - 3872
564 - -1
565 - 1923
566 - 3867
566 - 2284
566 - 4603
566 - 1309
567 - 2399
567 - 5597
567 - 2292
567 - 5054
568 - 2199
569 - 4679
569 - 762
569 - 3891
570 - 3009
570 - 633
571 - 3752
571 - 1304
571 - 1567
572 - 707
572 - 4164
572 - 2700
572 - 909
573 - 3324
573 - 5580
573 - 3351
574 - 4095
576 - 1442
576 - 1257
577 - 4743
577 - 2893
578 - 4687
579 - 4249
579 - 2057
580 - 5658
580 - 1394
582 - 2884
582 - 5658
584 - 3687
586 - 4590
587 - 2187
587 - 1818
587 - 730
587 - 4472
590 - 1914
590 - 1195
592 - 4954
592 - 2298
595 - 1391
595 - 3950
596 - 5252
596 - 2593
599 - 3277
599 - 4691
600 - 1816
600 - 639
601 - 2022
601 - 5700
603 - -1
604 - 2265
604 - 992
604 - 3193
607 - 4433
607 - 2045
607 - 2214
608 - 1829
608 - 1454
608 - 869
608 - 2878
609 - 2230
610 - 2282
610 - 5104
610 - 1342
615 - 5256
615 - 5575
615 - 918
617 - 3396
617 - 942
617 - 1253
617 - 2267
618 - 5459
618 - 2725
620 - 5329
620 - 2509
620 - 4300
621 - 3524
621 - 2080
621 - 2812
623 - 1571
623 - 3573
625 - 4101
626 - 3224
626 - 1838
626 - 3407
626 - 5518
627 - 3588
627 - 2230
627 - 3407
629 - 4299
629 - 2187
629 - 4102
630 - 1422
630 - 643
630 - 4327
631 - 3222
631 - 1669
633 - 2656
633 - 4590
634 - 3897
634 - 1092
635 - 2669
635 - 1130
636 - 3439
636 - 1579
636 - 1902
636 - 2811
637 - 832
638 - 3736
638 - 4699
638 - 3241
639 - -1
640 - 4218
641 - 4215
642 - 3543
642 - 4656
642 - 1698
643 - 3788
643 - 3262
643 - 2187
644 - 3639
644 - 2387
645 - 5397
645 - 4434
648 - 5006
649 - 3067
649 - 1754
649 - 4401
650 - 861
650 - 3222
651 - 3638
651 - 3017
651 - 3883
653 - 3726
653 - 5146
654 - 3729
654 - 2316
655 - 761
657 - 3744
657 - 1997
659 - 1291
659 - 2941
660 - 2899
662 - 1691
662 - 1715
662 - 3185
665 - 2719
665 - 1084
665 - 1311
665 - 4936
665 - 4509
665 - 4118
666 - 1218
666 - 990
667 - 3288
667 - 3277
667 - 3463
667 - 2273
668 - 5501
668 - 4536
668 - 1103
668 - 5449
669 - 2827
670 - 5223
670 - 3332
673 - 2371
674 - 2193
674 - 5673
677 - 2803
677 - 5523
678 - 4300
678 - 2053
678 - 4616
679 - 4396
680 - 4079
680 - 1633
681 - 1219
681 - 2755
681 - 4964
681 - 3727
681 - 985
681 - 3569
682 - 3969
683 - 3619
683 - 4367
684 - 3532
685 - 3347
685 - 3698
686 - 741
686 - 3813
687 - 2406
687 - 4388
687 - 2539
687 - 1057
689 - 3082
689 - 3797
689 - 3496
692 - 5542
692 - 3193
695 - 4494
695 - 1785
697 - 3820
697 - 4431
697 - 4831
698 - 3961
698 - 2757
698 - 1932
699 - 1450
699 - 5382
700 - 2409
700 - 3736
701 - 3967
701 - 4652
701 - 857
702 - 1671
703 - 1383
703 - 2982
703 - 4488
704 - 740
706 - 3610
706 - 3803
707 - -1
708 - 2902
708 - 3889
708 - 1969
709 - 4698
709 - 1130
713 - 1328
713 - 4841
715 - 2347
715 - 4909
719 - 1796
720 - 5285
720 - 3724
721 - 1771
721 - 5580
725 - 4934
727 - 3341
727 - 1565
727 - 742
729 - 879
729 - 1057
730 - 4699
730 - 3903
730 - 3703
732 - 2170
732 - 1048
733 - 3101
733 - 2682
733 - 4340
734 - 5254
734 - 5098
734 - 3504
734 - 3591
735 - 816
735 - 1490
736 - 3532
736 - 3368
737 - 4125
737 - 2891
737 - 3893
739 - 4371
739 - 2529
740 - 2347
740 - 4993
741 - 1454
741 - 3099
742 - 4501
742 - 3733
742 - 5468
743 - 5008
743 - 1439
743 - 4278
744 - 3144
744 - 3549
746 - 825
747 - 1000
747 - 4296
747 - 5552
749 - 2239
749 - 5212
751 - 5074
752 - 1416
752 - 1303
752 - 2656
753 - 1794
753 - 3272
754 - 4144
754 - 4156
755 - 1295
755 - 2866
756 - 3535
756 - 4831
756 - 2812
757 - 2575
757 - 1532
757 - 1932
759 - 5052
759 - 4099
759 - 3274
759 - 1637
759 - 3524
759 - 3829
759 - 3162
759 - 918
760 - 3072
760 - 4623
760 - 3979
760 - 1525
761 - 1022
761 - 5700
762 - 2242
762 - 1165
762 - 3957
763 - 1000
763 - 4730
763 - 3726
763 - 1101
765 - -1
766 - 2079
766 - 1962
767 - 4895
767 - 1698
768 - 1130
768 - 989
770 - 4091
770 - 3950
771 - 3281
771 - 4514
771 - 1242
771 - 3023
774 - 4663
774 - 3923
775 - 3582
776 - 3352
776 - 1838
777 - 2040
778 - 3880
779 - 1851
779 - 5424
780 - 1301
780 - 1963
782 - 4791
782 - 3624
783 - 4856
783 - 2508
783 - 3611
783 - 3819
784 - 5501
784 - 2509
785 - 1392
785 - 837
786 - 2110
787 - 4406
787 - 1687
787 - 1421
788 - 3658
788 - 3212
790 - 1765
790 - 1089
790 - 1297
796 - 5463
797 - 1870
798 - 3187
800 - 4477
800 - 5713
805 - 4687
806 - 4666
806 - 4987
806 - 1816
807 - 2171
807 - 5537
807 - 1579
809 - 5005
809 - 2282
809 - 3138
811 - 1971
811 - 5070
813 - 1751
814 - 3372
814 - 5020
815 - 1633
815 - 2007
815 - 1947
816 - 3273
816 - 3342
816 - 4420
816 - 3752
817 - 2597
817 - 2725
817 - 1781
819 - 5048
820 - 5129
823 - 4789
823 - 1950
825 - 3758
826 - 3732
826 - 5185
826 - 4929
827 - -1
828 - 920
828 - 1416
828 - 5387
831 - 3463
831 - 1894
831 - 1060
832 - 1874
832 - 5464
832 - 2638
832 - 1792
832 - 857
832 - 1301
836 - 920
836 - 2529
837 - 3142
839 - 3350
839 - 2268
840 - 1947
841 - 1684
841 - 2968
843 - 3326
843 - 3484
844 - 3385
847 - 1464
848 - 1215
848 - 3274
848 - 4103
848 - 3617
849 - 5212
849 - 3484
850 - 2989
850 - 4046
850 - 5213
851 - 4511
851 - 1069
852 - 5128
852 - 3244
852 - 1774
853 - 3932
853 - 3125
854 - 1663
854 - 2940
854 - 3163
856 - 2797
856 - 890
856 - 2699
857 - 3506
857 - 3497
858 - 5146
858 - 3084
858 - 4338
858 - 3302
858 - 4958
859 - 1458
859 - 2554
860 - 1494
860 - 4034
861 - 1384
861 - 884
861 - 2300
862 - 4743
862 - 4404
862 - 2493
862 - 1997
862 - 1952
862 - 1506
864 - 4656
864 - 3132
864 - 1307
865 - 2652
865 - 1437
866 - 3801
866 - 1623
866 - 872
868 - 4217
868 - 4562
869 - 1394
869 - 5660
870 - 5235
870 - 1121
871 - 4691
871 - 1734
871 - 4371
872 - 1081
874 - 1080
874 - 3169
874 - 3488
876 - 1910
876 - 1596
876 - 3850
877 - 3638
878 - 3016
878 - 4634
878 - 3321
878 - 2727
879 - 3064
879 - 2113
879 - 3413
879 - 3249
880 - 4687
880 - 2493
880 - 1275
881 - 4486
881 - 3805
883 - 2891
884 - 3097
884 - 3340
884 - 4052
884 - 3459
885 - 3065
885 - 3961
886 - 2421
886 - 1124
886 - 3028
887 - 5454
887 - 3105
887 - 4363
889 - 3285
889 - 3458
890 - 1992
890 - 3677
891 - 1091
891 - 1430
891 - 1667
894 - 5523
894 - 1155
895 - 5092
895 - 1054
895 - 4046
897 - 2343
897 - 3772
899 - 1902
899 - 974
899 - 2268
902 - 5312
902 - 3002
904 - 2928
904 - 1998
905 - 3717
905 - 3865
905 - 3649
905 - 3060
905 - 2735
905 - 909
906 - 4546
906 - 3819
906 - 1518
909 - 2671
909 - 1734
909 - 4537
910 - 2316
912 - 5530
915 - 4132
915 - 2713
915 - 4537
916 - 1837
917 - 3604
918 - 2370
918 - 5387
918 - 1770
918 - 1522
919 - 1577
920 - 2808
920 - 2433
920 - 1691
920 - 928
921 - 1190
921 - 3381
922 - 2341
922 - 3687
922 - 4015
923 - 2011
923 - 5290
923 - 3553
925 - 2913
925 - 2245
925 - 2980
926 - 942
926 - 4232
926 - 1946
926 - 2754
926 - 5297
928 - 5175
930 - 4504
930 - 4666
931 - 2202
931 - 2398
931 - 3532
933 - 2261
933 - 4404
933 - 4652
935 - 3120
935 - 4034
940 - 1060
940 - 2966
940 - 1974
942 - 4766
945 - 2817
946 - 5223
946 - 4062
947 - 4923
947 - 1084
950 - 4820
950 - 1327
950 - 2701
952 - 2498
952 - 3134
953 - 3334
953 - 4756
954 - 4983
954 - 1997
954 - 4079
957 - 3346
958 - 5442
960 - 3991
960 - 1764
960 - 4500
960 - 1215
961 - 1196
961 - 1483
962 - 2123
962 - 5064
963 - 5059
964 - 4461
964 - 5555
964 - 3566
968 - 2053
968 - 2097
970 - 3962
970 - 1429
971 - 4725
971 - 3070
972 - 4467
972 - 2254
973 - 3166
973 - 4118
973 - 4311
974 - 3185
974 - 975
975 - 1940
975 - 2192
976 - 1410
976 - 1707
976 - 2856
976 - 1003
976 - 5212
976 - 2754
979 - 3983
979 - 4727
980 - 5342
980 - 5505
980 - 1793
980 - 3508
982 - 4767
982 - 1464
982 - 5437
982 - 3324
983 - 5580
983 - 5475
983 - 1169
984 - 4756
984 - 1361
985 - 4533
985 - 4874
985 - 3391
985 - 3645
987 - 1177
988 - 3786
989 - 2518
989 - 4030
989 - 2318
989 - 991
990 - 3848
990 - 3932
991 - 4506
991 - 2954
991 - 2529
991 - 2121
992 - 1528
992 - 3283
992 - 4134
997 - 4029
998 - 4378
999 - 3805
999 - 1494
1000 - 1171
1002 - 3340
1002 - 3106
1003 - 1913
1003 - 4111
1007 - 2281
1008 - 1291
1008 - 4590
1008 - 2093
1008 - 3881
1012 - 2204
1015 - 4467
1016 - 5378
1016 - 1389
1016 - 4475
1017 - 4111
1017 - 4920
1019 - 4750
1020 - 2562
1021 - 4711
1021 - 4789
1022 - -1
1023 - 4860
1023 - 3580
1024 - 4504
1024 - 2823
1025 - 2238
1025 - 3318
1025 - 3716
1027 - 5035
1027 - 1440
1028 - -1
1029 - 3880
1032 - 3731
1032 - 2886
1032 - 1569
1032 - 4307
1036 - 3349
1036 - 2310
1039 - 4976
1039 - 3957
1039 - 3364
1039 - 2871
1039 - 3352
1039 - 5101
1039 - 2866
1039 - 2542
1039 - 2735
1040 - 2497
1040 - 2735
1040 - 2253
1040 - 5555
1040 - 2093
1043 - 4030
1043 - 3884
1043 - 3293
1046 - 1239
1047 - 5566
1047 - 1349
1048 - 1643
1048 - 4031
1048 - 2956
1048 - 2466
1051 - 5670
1051 - 3450
1052 - 2943
1052 - 4480
1052 - 4895
1052 - 3382
1054 - 1365
1055 - 3883
1055 - 3591
1056 - 2987
1056 - 3094
1057 - 3680
1057 - 1202
1057 - 1297
1059 - 3351
1059 - 2245
1059 - 2047
1059 - 3141
1059 - 3788
1060 - 2151
1060 - 1455
1060 - 1780
1062 - 1284
1064 - 3094
1066 - 2574
1066 - 1235
1067 - 2424
1067 - 3437
1068 - 1609
1068 - 2982
1068 - 5048
1069 - 2089
1069 - 2370
1069 - 3262
1069 - 4537
1070 - 3017
1072 - 2239
1072 - 4458
1074 - 2514
1074 - 2317
1074 - 5440
1074 - 4399
1075 - 5520
1075 - 5478
1080 - 3219
1080 - 4773
1081 - 3597
1081 - 1082
1082 - 5596
1082 - 1152
1082 - 4504
1082 - 1097
1083 - 1455
1083 - 3303
1084 - 3595
1085 - 5673
1089 - 3352
1090 - 1094
1091 - 5073
1091 - 1796
1091 - 3019
1092 - 5654
1092 - 4452
1092 - 4616
1094 - 2057
1096 - 4675
1096 - 2324
1097 - 2392
1098 - 4494
1098 - 1458
1099 - 2357
1099 - 4358
1099 - 3414
1099 - 1440
1101 - 4240
1101 - 1291
1102 - 2553
1102 - 1463
1102 - 4401
1103 - 1277
1103 - 5285
1104 - 2127
1104 - 5713
1104 - 5149
1104 - 4406
1104 - 4072
1104 - 4865
1104 - 3649
1105 - 4936
1105 - 4444
1105 - 2211
1105 - 1160
1105 - 1376
1107 - 2886
1108 - 1698
1108 - 1464
1108 - 5481
1110 - 1615
1113 - 4179
1113 - 1226
1114 - 3309
1114 - 3820
1115 - 5561
1115 - 1973
1117 - 3595
1119 - 1722
1119 - 1329
1119 - 3869
1120 - 5230
1120 - 3971
1120 - 2649
1121 - 2152
1121 - 1272
1121 - 2351
1121 - 1510
1122 - 4433
1124 - 1353
1124 - 2719
1124 - 1437
1125 - 2820
1125 - 1315
1126 - 5555
1127 - 4296
1127 - 2954
1127 - 1308
1129 - 4340
1129 - 3989
1129 - 1728
1129 - 3341
1130 - 5373
1130 - 2987
1130 - 2110
1130 - 3602
1130 - 3048
1131 - 3250
1131 - 2684
1136 - 3351
1136 - 4148
1136 - 1388
1136 - 4807
1140 - 5113
1143 - 1825
1144 - 4551
1144 - 5229
1149 - 3527
1151 - 3871
1151 - 2156
1151 - 1896
1152 - 5473
1152 - 4431
1152 - 4973
1153 - 4074
1154 - 4515
1155 - 1335
1156 - 4882
1156 - 3480
1158 - 2028
1160 - 1174
1160 - 1821
1160 - 3741
1161 - 5478
1161 - 1219
1161 - 4274
1162 - 1291
1164 - -1
1165 - 1715
1167 - 3293
1167 - 4523
1169 - 3381
1170 - 5406
1171 - 2224
1172 - 4239
1172 - 3358
1174 - -1
1175 - 1176
1175 - 3292
1175 - 2214
1176 - 1643
1177 - 2239
1177 - 5020
1178 - 3103
1178 - 3227
1180 - 5052
1180 - 4319
1181 - 1484
1181 - 3912
1181 - 1381
1182 - 2311
1182 - 2980
1183 - 4974
1183 - 4964
1183 - 5048
1184 - 3138
1184 - 3353
1184 - 3887
1184 - 5165
1185 - 2837
1185 - 4395
1186 - 2351
1187 - 5211
1189 - -1
1190 - 2343
1191 - 1459
1191 - 1549
1193 - 4447
1195 - 2174
1195 - 3797
1195 - 1606
1195 - 1396
1196 - 2506
1196 - 4831
1198 - 4258
1200 - 2192
1200 - 3538
1202 - 4488
1204 - 4361
1204 - 4891
1205 - 4759
1205 - 2947
1205 - 2541
1206 - 4063
1206 - 2427
1206 - 4727
1206 - 4112
1206 - 2827
1207 - 3911
1207 - 3635
1208 - 1686
1208 - 5340
1211 - 5137
1211 - 2809
1213 - 1614
1214 - 3959
1214 - 2534
1215 - 5708
1215 - 2326
1215 - 5613
1218 - 2699
1219 - -1
1220 - 2862
1223 - 2361
1223 - 4268
1224 - 3684
1224 - 1353
1224 - 3554
1225 - 4170
1225 - 2375
1226 - 3608
1226 - 2332
1227 - 2754
1227 - 2453
1227 - 4231
1228 - 3387
1228 - 3610
1228 - 4899
1235 - 5446
1235 - 5168
1239 - 2774
1240 - 2332
1240 - 1869
1242 - 4365
1242 - 1866
1244 - 3990
1245 - 1914
1250 - 2592
1250 - 2253
1250 - 1961
1251 - 2989
1251 - 5140
1253 - 5339
1254 - 4031
1254 - 1947
1257 - 4075
1257 - 3478
1261 - 1876
1261 - 3890
1265 - 3358
1269 - 4678
1269 - 4836
1272 - 1376
1275 - 4052
1276 - 4472
1276 - 5022
1277 - 1322
1282 - 5402
1282 - 2470
1283 - 3720
1283 - 3546
1283 - 4578
1283 - 2698
1284 - 2659
1286 - 1609
1286 - 1487
1288 - 4906
1288 - 4992
1290 - 4684
1290 - 4390
1290 - 1946
1291 - 2640
1291 - 1324
1295 - 1518
1296 - 4902
1297 - 5502
1297 - 4943
1297 - 2508
1297 - 3844
1298 - 1612
1299 - 2351
1299 - 5621
1299 - 5382
1301 - 3482
1301 - 4087
1301 - 3675
1302 - 1567
1303 - 2465
1303 - 5057
1303 - 2649
1304 - -1
1305 - 5537
1305 - 2588
1307 - 3112
1307 - 4423
1307 - 1606
1307 - 5086
1308 - 2204
1308 - 4501
1308 - 3346
1308 - 3328
1308 - 4965
1308 - 5622
1308 - 5221
1309 - 4192
1310 - 3746
1310 - 1577
1311 - 1769
1313 - 5432
1313 - 3349
1315 - 1870
1315 - 1730
1315 - 1953
1315 - 3926
1315 - 3580
1315 - 2500
1315 - 4940
1317 - 4558
1317 - 4675
1317 - 3784
1320 - 2741
1320 - 2135
1322 - 1885
1322 - 3246
1323 - 3545
1323 - 4831
1324 - 2652
1324 - 5674
1325 - 1693
1325 - 3556
1326 - 4008
1326 - 3708
1327 - 4902
1327 - 3063
1328 - 4473
1329 - -1
1330 - 5267
1330 - 1484
1330 - 1973
1331 - 4557
1335 - 2956
1335 - 5372
1336 - 3797
1336 - 2040
1336 - 5270
1339 - 2968
1339 - 2630
1339 - 1770
1340 - 2057
1340 - 2255
1340 - 1479
1341 - 4238
1341 - 4310
1341 - 4868
1342 - 4447
1342 - 2593
1342 - 1730
1342 - 3274
1342 - 3718
1346 - 4865
1348 - 2097
1348 - 2227
1348 - 1504
1349 - 5109
1349 - 4302
1352 - 2741
1352 - 5451
1352 - 1477
1352 - 2293
1353 - 5693
1355 - 4387
1355 - 1619
1355 - 3984
1355 - 3872
1357 - 3750
1357 - 3276
1358 - 2855
1361 - 2182
1361 - 4594
1361 - 4337
1364 - 4506
1364 - 3731
1364 - 2539
1365 - 2699
1365 - 1389
1366 - 2479
1366 - 3368
1369 - 4516
1369 - 3614
1369 - 3983
1370 - 2047
1370 - 2870
1371 - 3396
1371 - 4424
1371 - 1780
1374 - 2843
1374 - 1671
1375 - 4423
1375 - 4311
1375 - 2875
1376 - 2328
1376 - 3061
1376 - 5016
1378 - 3577
1378 - 4506
1379 - 4976
1379 - 3346
1379 - 1769
1380 - 1948
1380 - 1832
1381 - 4689
1381 - 3923
1383 - 1395
1384 - 2474
1384 - 3744
1386 - 3780
1386 - 5417
1386 - 3848
1388 - 5216
1389 - 3638
1389 - 2491
1389 - 3473
1391 - 3157
1391 - 2787
1392 - -1
1394 - 3081
1395 - 4209
1395 - 1997
1396 - 4611
1398 - 1808
1398 - 4268
1404 - 4575
1405 - 4531
1406 - 1997
1406 - 5671
1406 - 5097
1406 - 5258
1410 - -1
1411 - -1
1412 - 2831
1412 - 5364
1414 - 3984
1414 - 2860
1415 - 2682
1415 - 3746
1416 - -1
1417 - 2744
1421 - 4010
1421 - 2647
1421 - 4324
1422 - 4285
1424 - 2470
1424 - 1688
1425 - 5091
1426 - 3932
1427 - 4623
1427 - 4940
1427 - 3780
1427 - 4018
1429 - 2801
1429 - 2837
1429 - 4492
1429 - 1431
1429 - 2656
1430 - 5537
1431 - -1
1435 - 5098
1437 - 1712
1438 - 4112
1438 - 3538
1439 - 2049
1440 - 2007
1440 - 2558
1440 - 3517
1441 - 3989
1441 - 5212
1442 - -1
1444 - 2081
1444 - 2419
1444 - 3527
1444 - 2603
1444 - 3651
1450 - 4112
1450 - 4956
1453 - 2050
1454 - 3078
1454 - 1780
1454 - 2050
1455 - 3933
1457 - 2110
1458 - 4178
1458 - 4166
1458 - 3155
1459 - 3950
1459 - 2645
1462 - 1498
1462 - 2879
1463 - 2095
1463 - 5387
1463 - 1560
1464 - 3632
1464 - 2513
1468 - 5022
1468 - 2337
1468 - 4390
1468 - 1971
1472 - 5248
1473 - 4695
1474 - 5170
1474 - 2697
1475 - 5297
1475 - 1505
1475 - 1669
1475 - 3482
1475 - 4500
1475 - 1532
1475 - 2205
1477 - 4940
1477 - 2565
1479 - 2630
1480 - 5050
1480 - 1815
1481 - 2020
1483 - 1968
1483 - 3244
1483 - 3321
1483 - 5199
1483 - 2260
1484 - 4312
1485 - 4706
1485 - 2493
1486 - 4228
1486 - 5349
1486 - 3675
1486 - 2878
1486 - 4958
1486 - 4789
1487 - 5064
1487 - 3870
1488 - 4278
1488 - 2797
1488 - 2335
1489 - 1691
1489 - 2870
1489 - 2479
1490 - 4658
1490 - 5391
1492 - 1493
1493 - 3554
1493 - 5181
1493 - 5290
1494 - -1
1498 - 3658
1500 - 4186
1500 - 4616
1500 - 5403
1503 - 5211
1504 - 3262
1504 - 1743
1505 - 2993
1505 - 2725
1506 - 4305
1507 - 4763
1507 - 2215
1507 - 3482
1508 - 2888
1508 - 3850
1508 - 5091
1509 - 3483
1509 - 3088
1510 - 2392
1510 - 2375
1512 - 4111
1515 - 4592
1515 - 2697
1516 - 5215
1518 - 3315
1518 - 1951
1519 - 5050
1519 - 3564
1520 - 4154
1520 - 4865
1521 - 2947
1521 - 2421
1522 - 4616
1522 - 3801
1522 - 4647
1523 - 1562
1524 - 1624
1524 - 3052
1525 - 2360
1525 - 1686
1528 - 1894
1528 - 4436
1530 - 4338
1530 - 3322
1532 - 3850
1532 - 4311
1535 - 2549
1535 - 2230
1537 - 3215
1538 - 4476
1538 - 1866
1541 - 4354
1541 - 4274
1542 - 3950
1542 - 2453
1547 - 4844
1549 - 1913
1549 - 4762
1549 - 2344
1549 - 5413
1549 - 2501
1549 - 4958
1551 - 3245
1551 - 3341
1551 - 4501
1560 - 5458
1560 - 2373
1561 - 5403
1562 - -1
1564 - 4476
1564 - 1656
1565 - 4220
1567 - 5518
1567 - 3299
1567 - 2335
1569 - 5010
1569 - 4860
1569 - 3127
1570 - 3238
1570 - 1951
1570 - 5248
1571 - 3382
1574 - 3609
1574 - 1892
1574 - 2914
1576 - 5579
1577 - 3299
1577 - 2170
1579 - 2637
1579 - 3311
1579 - 2196
1581 - 3253
1581 - 2367
1595 - 4853
1595 - 5242
1596 - 1880
1596 - 1693
1596 - 3591
1600 - 3060
1602 - 3784
1603 - 2892
1606 - -1
1609 - 4202
1609 - 5159
1609 - 4647
1612 - 2238
1612 - 5702
1612 - 2970
1614 - 5465
1615 - -1
1619 - 5576
1619 - 2613
1619 - 3443
1622 - -1
1623 - 3008
1624 - 2822
1624 - 2406
1624 - 1780
1627 - 4062
1632 - 5595
1632 - 3391
1632 - 5417
1633 - 5613
1633 - 5323
1633 - 1739
1633 - 2076
1633 - 4515
1633 - 5113
1634 - 5289
1635 - 3273
1635 - 1794
1637 - 4928
1643 - 3610
1643 - 4231
1644 - 4127
1644 - 5486
1649 - 4926
1654 - 4307
1656 - 4874
1663 - 4194
1664 - 4258
1664 - 2262
1664 - 4611
1665 - 3723
1665 - 2612
1665 - 5702
1667 - 1786
1669 - 3122
1671 - 5019
1671 - 3697
1671 - 4876
1672 - 4179
1673 - 2392
1673 - 2888
1673 - 3023
1681 - 2349
1684 - 4684
1684 - 1808
1686 - 2862
1686 - 4926
1687 - 5223
1688 - 1825
1688 - 2421
1690 - 4509
1690 - 4247
1690 - 4447
1691 - 5485
1693 - 4735
1695 - 2877
1695 - 1859
1695 - 4118
1698 - 2115
1698 - 2719
1698 - 4472
1700 - 1818
1706 - 4543
1707 - -1
1712 - 5297
1712 - 1791
1712 - 1734
1713 - 5630
1713 - 4787
1714 - 4137
1714 - 2310
1714 - 3276
1715 - 1725
1722 - 3233
1722 - 4906
1722 - 5357
1725 - 4903
1728 - 3829
1730 - 5540
1730 - 1973
1731 - 4964
1734 - 4428
1734 - 3651
1736 - 4820
1739 - 3353
1741 - 1821
1741 - 4928
1741 - 2601
1741 - 2260
1742 - 4766
1743 - 2219
1743 - 3080
1743 - 2043
1745 - 4079
1748 - 4020
1748 - 3208
1750 - -1
1751 - 3926
1751 - 2263
1754 - 3637
1764 - 3064
1764 - 2773
1764 - 3818
1765 - -1
1769 - 3356
1769 - 3886
1770 - 3476
1770 - 3332
1771 - 4353
1772 - 2605
1772 - 5098
1772 - 3249
1774 - 4334
1774 - 3212
1777 - 4198
1780 - 3298
1781 - 5688
1781 - 4626
1781 - 2615
1781 - 2264
1782 - 4647
1782 - 2294
1784 - 1791
1785 - 3848
1786 - 5168
1786 - 4351
1787 - 3096
1787 - 4312
1787 - 3008
1791 - -1
1792 - 4292
1792 - 3487
1793 - 4079
1794 - 2920
1795 - -1
1796 - 3270
1801 - 4021
1801 - 4725
1801 - 5391
1802 - 3367
1802 - 3264
1803 - 4580
1803 - 2091
1804 - 5507
1808 - 4847
1808 - 3662
1815 - 2542
1816 - 2683
1818 - 3911
1818 - 2311
1818 - 4578
1821 - 4739
1823 - 3603
1823 - 3491
1823 - 2934
1823 - 5178
1824 - 3300
1824 - 4965
1824 - 3803
1825 - 5429
1827 - 3319
1827 - 3736
1827 - 4940
1829 - -1
1830 - 3273
1830 - 2861
1832 - 3882
1832 - 2967
1835 - 4056
1835 - 3920
1837 - 2359
1837 - 3736
1837 - 3989
1838 - 2879
1847 - 3869
1851 - 3959
1851 - 3358
1859 - 3123
1866 - -1
1867 - 2372
1867 - 4186
1869 - 3012
1870 - 4868
1870 - 2822
1872 - 2875
1874 - 3060
1876 - 4866
1876 - 3683
1876 - 2261
1876 - 2582
1880 - 2651
1885 - -1
1887 - 4995
1887 - 3736
1890 - 4739
1892 - 3499
1892 - 2970
1893 - 2295
1893 - 3951
1894 - 3722
1896 - 2441
1897 - 2979
1897 - 3904
1902 - 3344
1904 - 2649
1904 - 2096
1910 - 5297
1910 - 4207
1911 - 5175
1913 - -1
1914 - 1960
1915 - 2633
1916 - 3732
1916 - 4643
1916 - 2310
1916 - 2860
1917 - 4541
1917 - 3118
1917 - 2827
1923 - 4132
1923 - 3285
1928 - 5282
1928 - 4603
1932 - 3245
1932 - 3747
1938 - 3639
1938 - 2161
1938 - 5460
1940 - 3956
1944 - 3283
1944 - 4103
1945 - 5378
1945 - 2315
1946 - 2716
1947 - 5357
1947 - 3872
1947 - 2714
1948 - 2497
1950 - 5545
1951 - -1
1952 - 4278
1953 - -1
1956 - 4328
1960 - 3245
1960 - 4866
1960 - 3595
1960 - 3819
1961 - 2810
1961 - 4507
1962 - 3051
1963 - -1
1964 - 2970
1964 - 2091
1965 - 3254
1965 - 2162
1966 - 2187
1966 - 3088
1966 - 2869
1968 - 3649
1969 - 2195
1971 - 2715
1971 - 1974
1973 - 2823
1973 - 2893
1973 - 2135
1974 - 3820
1979 - 2614
1979 - 3103
1980 - 5378
1980 - 3195
1987 - 2599
1987 - 5383
1988 - 2549
1989 - 2338
1990 - 4278
1990 - 2421
1990 - 4207
1990 - 5213
1992 - 3695
1992 - 3055
1995 - 2399
1995 - 2377
1997 - 3246
1998 - 4814
2001 - 3303
2001 - 4299
2002 - 5200
2007 - 3402
2008 - 3026
2008 - 3471
2011 - -1
2012 - 2040
2012 - 4889
2013 - -1
2020 - 3037
2020 - 4491
2021 - 3556
2021 - 2373
2022 - -1
2023 - 4785
2025 - 5134
2027 - 2942
2027 - 3538
2027 - 4856
2028 - 2370
2037 - 3329
2037 - 2669
2037 - 2941
2039 - 5032
2039 - 3007
2040 - 4980
2043 - 2941
2045 - 5364
2046 - 4228
2047 - -1
2048 - 4049
2048 - 4363
2048 - 2223
2049 - 3389
2050 - -1
2053 - -1
2057 - 3883
2057 - 3048
2059 - 3170
2059 - 2982
2063 - 2465
2063 - 3971
2063 - 3699
2063 - 2914
2071 - 5658
2075 - 3750
2076 - 3944
2078 - 3903
2078 - 2419
2079 - 2156
2079 - 2700
2080 - 3577
2081 - -1
2082 - -1
2085 - 4547
2085 - 3367
2089 - 3935
2091 - 3920
2093 - 5342
2093 - 2811
2093 - 3060
2095 - -1
2096 - 2972
2097 - 4649
2097 - 3463
2103 - 4449
2103 - 3915
2103 - 2321
2110 - 3144
2110 - 2591
2111 - 3458
2111 - 4334
2113 - 4445
2115 - 2593
2121 - 4922
2121 - 5205
2121 - 4328
2121 - 2899
2123 - 4153
2127 - 2209
2127 - 2920
2130 - 5566
2130 - 2172
2130 - 4095
2131 - 4536
2133 - 5673
2135 - 4327
2137 - 5579
2137 - 3877
2140 - 2913
2141 - 5290
2141 - 3323
2144 - 4987
2144 - 2240
2151 - 3389
2151 - 5660
2152 - -1
2156 - -1
2161 - 3019
2162 - 4415
2164 - 3380
2164 - 2424
2170 - -1
2171 - 3979
2172 - 2443
2173 - 2987
2174 - 2197
2176 - 4445
2176 - 2878
2178 - 5381
2182 - 4531
2186 - 5464
2186 - 3401
2187 - -1
2190 - 4562
2190 - 2716
2192 - -1
2193 - 3135
2195 - 5454
2195 - 2210
2196 - 4922
2196 - 5644
2197 - 2576
2199 - 2230
2199 - 4472
2202 - 2330
2202 - 2238
2202 - 4356
2202 - 4141
2204 - 2875
2205 - 4091
2207 - -1
2209 - 4872
2209 - 5494
2209 - 2443
2209 - 2676
2209 - 3497
2210 - 3770
2210 - 4481
2211 - 2941
2213 - 4060
2213 - 4388
2213 - 2542
2214 - 3293
2215 - 5274
2215 - 4543
2216 - 4224
2216 - 5277
2216 - 3421
2216 - 3034
2219 - -1
2223 - 4076
2224 - 5387
2227 - 2295
2230 - -1
2238 - 3415
2239 - -1
2240 - 4514
2242 - 2861
2242 - 2490
2245 - 2841
2245 - 2734
2246 - 2656
2246 - 3164
2247 - 3160
2247 - 2890
2247 - 3188
2250 - 3423
2253 - 4050
2254 - 3217
2254 - 2827
2254 - 2530
2255 - 3273
2258 - 4928
2258 - 4465
2260 - 2265
2260 - 3581
2260 - 3387
2260 - 3649
2261 - -1
2262 - 2298
2263 - 3061
2263 - 4789
2264 - 3658
2264 - 3617
2264 - 2539
2265 - -1
2267 - 4139
2268 - 2677
2271 - 4173
2271 - 3396
2271 - 3956
2271 - 2811
2273 - 5347
2278 - 5378
2278 - 3632
2281 - -1
2282 - 4008
2284 - 2448
2291 - 3352
2292 - 4499
2293 - 3453
2293 - 4142
2294 - 3072
2294 - 3034
2295 - 4477
2298 - 4689
2298 - 4899
2299 - -1
2300 - 4212
2301 - 4739
2301 - 2412
2302 - 4125
2302 - 5340
2302 - 5488
2302 - 4656
2305 - 5170
2305 - 3314
2306 - 2813
2306 - 3499
2306 - 3724
2306 - 5289
2307 - 4797
2307 - 5535
2308 - 4926
2308 - 4029
2310 - 3588
2310 - 3483
2311 - 4713
2311 - 4902
2313 - 4630
2313 - 5213
2313 - 4117
2313 - 5688
2315 - 5364
2316 - 3132
2316 - 4481
2317 - 3368
2318 - 4483
2321 - 3048
2321 - 5302
2321 - 5129
2321 - 4170
2322 - 5096
2324 - 4696
2324 - 2811
2324 - 2787
2324 - 4063
2326 - 3487
2326 - 2855
2328 - 5205
2330 - 4684
2331 - 3772
2332 - 4198
2334 - 5478
2334 - 3934
2335 - 3129
2337 - -1
2338 - -1
2340 - 3506
2340 - 2970
2341 - -1
2343 - -1
2344 - 4780
2347 - 2823
2347 - 4741
2349 - 5046
2349 - 3675
2351 - 4476
2353 - 4164
2353 - 4923
2353 - 4470
2357 - 5227
2359 - 4965
2359 - 3146
2360 - -1
2361 - 3751
2362 - 2719
2362 - 4626
2362 - 4463
2363 - 3894
2367 - 3358
2367 - 4644
2367 - 3708
2370 - -1
2371 - 2902
2372 - 4470
2373 - 4404
2373 - 3590
2375 - -1
2377 - 3618
2377 - 3446
2379 - 5340
2379 - 5388
2379 - 5654
2380 - 4583
2387 - 4103
2387 - 4181
2388 - 4942
2388 - 2615
2391 - 5364
2391 - 2945
2391 - 2484
2392 - 3563
2392 - 4889
2393 - 4326
2394 - 4075
2394 - 3687
2398 - 4750
2399 - -1
2401 - 3586
2401 - 3724
2405 - 4537
2406 - -1
2407 - 3219
2407 - 5537
2408 - 3300
2408 - 4870
2409 - -1
2410 - 3458
2411 - 5046
2411 - 3698
2412 - 3350
2414 - 3484
2419 - 4486
2419 - 5393
2419 - 4677
2420 - 3414
2420 - 2674
2420 - 3588
2420 - 2892
2421 - 3662
2421 - 5098
2422 - 4401
2424 - -1
2427 - 4611
2428 - 4995
2428 - 4277
2429 - 3120
2431 - 3869
2431 - 5099
2433 - 3439
2433 - 2972
2433 - 4875
2433 - 3483
2433 - 3591
2435 - 4523
2436 - 4909
2436 - 4585
2441 - 2870
2441 - 2719
2441 - 5099
2442 - 5702
2443 - 4369
2444 - 3147
2444 - 4789
2448 - 4677
2448 - 5437
2453 - 3989
2453 - 4427
2453 - 3215
2453 - 5248
2456 - 5691
2456 - 3250
2457 - 5465
2458 - 4868
2463 - 4942
2465 - -1
2466 - 4089
2468 - 3500
2468 - 4081
2468 - 3179
2469 - 3577
2469 - 5144
2469 - 3314
2469 - 3647
2470 - 5678
2470 - 2997
2474 - 5595
2475 - 3443
2476 - 3923
2476 - 3060
2476 - 4576
2476 - 4211
2478 - 5182
2479 - 2489
2484 - -1
2485 - 3106
2485 - 3233
2485 - 2649
2488 - 5660
2488 - 3527
2489 - 3176
2490 - 5488
2491 - 5713
2492 - 4494
2492 - 4918
2493 - 4994
2493 - 5413
2497 - -1
2498 - 4154
2498 - 4168
2498 - 3590
2500 - 2565
2500 - 4396
2501 - 2721
2506 - 4458
2506 - 3497
2508 - 3883
2509 - 4567
2510 - 4017
2510 - 3923
2512 - 3590
2512 - 2612
2512 - 2815
2513 - 3978
2513 - 2713
2513 - 3497
2514 - 4836
2516 - 4443
2516 - 3313
2517 - 3433
2517 - 3266
2517 - 3311
2517 - 3387
2518 - 4327
2529 - 4730
2530 - 4371
2530 - 3637
2531 - 3608
2534 - 3545
2534 - 4855
2534 - 4762
2537 - 3352
2539 - 5481
2539 - 2877
2539 - 5435
2539 - 5221
2539 - 3129
2541 - 3331
2542 - 3075
2542 - 2925
2549 - 4076
2550 - 4909
2550 - 4427
2553 - 3080
2554 - 4645
2554 - 5178
2556 - 3247
2558 - 3070
2558 - 4695
2562 - 3446
2562 - 4013
2562 - 5648
2565 - 4510
2565 - 4218
2565 - 3263
2565 - 4095
2571 - 4980
2573 - 4087
2574 - 4876
2575 - 4133
2575 - 2817
2575 - 2825
2575 - 4776
2576 - 4762
2576 - 3353
2580 - 2713
2580 - 3519
2582 - -1
2588 - 5597
2590 - 4576
2591 - 4666
2591 - 4447
2592 - -1
2593 - 5481
2593 - 3736
2597 - 4696
2597 - 5026
2599 - -1
2601 - 3264
2601 - 4212
2603 - 4445
2603 - 4680
2603 - 3001
2605 - 5495
2609 - 3786
2611 - 3348
2611 - 3891
2612 - 4340
2613 - 4776
2614 - -1
2615 - 3059
2619 - 3887
2619 - 3956
2621 - 2879
2630 - 5440
2630 - 3081
2630 - 3096
2632 - 2638
2633 - -1
2635 - 5713
2635 - 4603
2635 - 3961
2637 - 2884
2637 - 4741
2637 - 4504
2638 - -1
2640 - 5302
2640 - 3709
2641 - -1
2642 - 3409
2642 - 5282
2642 - 4476
2644 - 3761
2644 - 3788
2644 - 4889
2645 - 4060
2647 - 3801
2649 - -1
2651 - 2924
2651 - 3879
2651 - 4841
2651 - 3617
2652 - 5488
2656 - 2712
2656 - 4725
2658 - 5678
2658 - 4100
2658 - 3281
2659 - 4181
2661 - 3818
2664 - 4103
2664 - 2970
2665 - 3545
2666 - 3554
2666 - 3487
2668 - 3604
2669 - 3478
2671 - 2717
2674 - 4929
2676 - 2944
2676 - 5285
2676 - 4268
2677 - 4934
2677 - 5178
2677 - 3553
2680 - 3175
2681 - 5312
2681 - 5214
2681 - 4491
2682 - 2797
2683 - 3023
2684 - 3064
2684 - 5547
2687 - 3188
2694 - -1
2695 - 4749
2696 - 4433
2697 - -1
2698 - 5213
2699 - 5168
2699 - 2990
2700 - 3270
2700 - 3739
2701 - 3495
2704 - 5708
2704 - 4212
2704 - 5261
2705 - 3407
2705 - 2811
2705 - 4676
2710 - 3884
2710 - 2719
2712 - 4177
2713 - 4077
2713 - 3474
2713 - 4100
2714 - 2935
2714 - 3270
2714 - 5242
2715 - 2805
2716 - -1
2717 - 4367
2719 - -1
2721 - 4427
2721 - 3155
2725 - -1
2727 - 2810
2727 - 4077
2728 - 3692
2732 - 3193
2732 - 3138
2732 - 2935
2734 - 4102
2735 - 3080
2735 - 2892
2741 - 5553
2743 - 3920
2744 - 4194
2749 - 3684
2749 - 5178
2754 - 3213
2755 - 5059
2757 - 4332
2765 - 3323
2765 - 3890
2772 - 4841
2773 - 4394
2773 - 5632
2774 - 4585
2779 - 4302
2779 - 3350
2779 - 5290
2787 - 3371
2791 - 3019
2795 - 2951
2795 - 4449
2795 - 3215
2796 - 3760
2797 - 3684
2798 - 3610
2798 - 5481
2801 - -1
2803 - 4756
2805 - -1
2808 - 3755
2809 - 3163
2809 - 3064
2810 - -1
2811 - -1
2812 - -1
2813 - 3863
2815 - 4118
2815 - 2913
2815 - 4000
2817 - 4676
2820 - -1
2822 - 3985
2823 - 3788
2823 - 4285
2825 - 3983
2827 - 2944
2831 - 4724
2831 - 3262
2832 - 3956
2834 - 4814
2837 - 5256
2837 - 4611
2840 - 3712
2841 - 5242
2841 - 3503
2843 - 5555
2843 - 3276
2852 - 3500
2853 - 4365
2855 - 3122
2855 - 3094
2856 - 3473
2860 - 3893
2861 - 3716
2861 - 5561
2862 - 5648
2862 - 5451
2862 - 5460
2863 - 4603
2863 - 4478
2866 - 3450
2866 - 3991
2866 - 4346
2868 - -1
2869 - 4889
2870 - 4791
2871 - 5002
2871 - 5230
2871 - 5592
2875 - -1
2877 - -1
2878 - 4737
2879 - 3750
2880 - 3157
2880 - 5221
2883 - 5382
2883 - 4927
2883 - 4789
2884 - 3961
2884 - 3007
2886 - 3741
2888 - -1
2890 - -1
2891 - 3126
2892 - 4445
2892 - 3034
2893 - 4497
2893 - 3586
2895 - 4307
2898 - 5540
2899 - 4635
2902 - 3363
2902 - 5621
2902 - 3067
2908 - 5700
2913 - 4018
2914 - 3357
2914 - 4309
2920 - 5417
2920 - 4215
2924 - 3863
2924 - 5148
2925 - 4844
2925 - 4074
2926 - 4958
2928 - 3246
2931 - 3439
2932 - 3677
2934 - 5437
2935 - -1
2936 - 5652
2936 - 4807
2940 - 3530
2941 - -1
2942 - 3589
2942 - 4436
2942 - 5391
2943 - 3724
2944 - 3358
2944 - 3411
2945 - 5070
2946 - 3199
2946 - 5702
2947 - -1
2950 - 4586
2950 - 5281
2950 - 5382
2950 - 3254
2951 - 3889
2954 - 4134
2954 - 3920
2956 - 4983
2961 - 4316
2963 - 3786
2963 - 5165
2966 - 5040
2967 - 5357
2968 - 4276
2968 - 5673
2970 - 3079
2971 - 3535
2972 - -1
2976 - 3720
2976 - 3482
2978 - 4395
2979 - 3699
2980 - 3458
2980 - 4010
2980 - 5548
2981 - 5219
2982 - 4367
2983 - 4029
2983 - 5552
2985 - -1
2987 - 3104
2989 - 4020
2989 - 4477
2990 - 2994
2991 - 3698
2993 - 5099
2994 - 3035
2995 - -1
2997 - 4041
2997 - 3968
2997 - 5523
2997 - 3688
3000 - 4227
3001 - 5468
3001 - 3363
3002 - 5473
3002 - 4060
3002 - 4776
3004 - 4076
3004 - 5449
3004 - 4939
3004 - 4063
3007 - 3729
3008 - 3075
3009 - -1
3011 - 5357
3012 - 5128
3015 - 4870
3015 - 3920
3016 - 4104
3017 - 4498
3018 - 5223
3018 - 5387
3019 - 4676
3022 - 3675
3023 - 5298
3023 - 4693
3026 - 3869
3028 - 5281
3028 - 4252
3029 - 3647
3029 - 3381
3033 - 3645
3033 - 4594
3033 - 3844
3034 - 3079
3035 - 3493
3037 - 5112
3044 - 4567
3045 - 4795
3046 - 3326
3046 - 5097
3046 - 3651
3047 - 4868
3047 - 4461
3047 - 3079
3048 - -1
3050 - 3109
3051 - 3637
3052 - 4221
3052 - 4889
3053 - 3264
3053 - 5541
3053 - 3352
3055 - -1
3056 - 5109
3056 - 3382
3056 - 3103
3059 - 3349
3059 - 3081
3060 - -1
3061 - 5410
3063 - 5630
3063 - 5580
3064 - -1
3065 - 3734
3067 - -1
3068 - 3253
3070 - 3786
3072 - 5339
3075 - 5688
3076 - 5137
3078 - 3276
3079 - -1
3080 - 3300
3080 - 3411
3081 - -1
3082 - -1
3084 - 4021
3084 - 4586
3084 - 3109
3087 - 5101
3088 - -1
3094 - 3903
3094 - 4076
3096 - 3668
3097 - -1
3099 - 4940
3101 - -1
3103 - 3238
3103 - 3872
3104 - 4299
3105 - 5543
3106 - 3546
3109 - 4132
3109 - 3217
3110 - 3723
3110 - 4101
3110 - 3563
3112 - -1
3114 - 4887
3118 - -1
3120 - -1
3121 - 3597
3122 - -1
3123 - 3203
3123 - 4037
3123 - 4104
3123 - 3508
3125 - 5435
3126 - 3480
3126 - 5104
3127 - 3729
3129 - -1
3131 - 5223
3132 - -1
3134 - 3720
3134 - 5553
3135 - 4446
3136 - 3138
3137 - 3881
3137 - 5235
3138 - 5402
3138 - 3348
3138 - 3175
3141 - -1
3142 - 4868
3144 - -1
3146 - 4858
3146 - 5391
3147 - 5119
3151 - 4656
3151 - 5530
3153 - 4445
3155 - 3464
3155 - 3865
3157 - -1
3159 - 3276
3160 - 5205
3162 - 3931
3162 - 4590
3163 - 4104
3164 - 3342
3166 - -1
3168 - 3532
3169 - 4015
3170 - -1
3175 - 3185
3175 - 3353
3176 - 4567
3179 - 4674
3185 - 3387
3185 - 4452
3185 - 3786
3186 - 3303
3186 - 5424
3187 - 4292
3187 - 4763
3188 - 5054
3188 - 4299
3188 - 4507
3190 - 3423
3190 - 3635
3193 - 5355
3193 - 5505
3195 - -1
3196 - 5520
3196 - 3487
3199 - 5373
3200 - 4458
3201 - 3241
3202 - 4789
3203 - 4240
3203 - 3616
3203 - 3803
3208 - -1
3212 - 4918
3213 - 5019
3215 - -1
3216 - 4292
3216 - 5442
3217 - 3380
3217 - 4239
3219 - 4119
3222 - -1
3224 - 4786
3227 - 3326
3232 - 5046
3232 - 4104
3233 - 5086
3233 - 3478
3238 - -1
3239 - 4899
3240 - 4499
3240 - 4500
3241 - 4694
3241 - 3411
3242 - 3479
3243 - 5644
3243 - 3617
3244 - -1
3245 - -1
3246 - 4778
3246 - 5658
3246 - 3979
3247 - 4986
3247 - 3506
3247 - 3491
3247 - 5475
3248 - 5270
3248 - 4228
3248 - 5298
3248 - 4148
3249 - 3356
3250 - -1
3251 - 3554
3253 - 3961
3254 - 4378
3262 - 4876
3263 - 3382
3264 - -1
3266 - 4866
3266 - 5232
3266 - 3463
3268 - 3882
3268 - 3980
3270 - -1
3272 - 4144
3272 - 3662
3273 - 5242
3274 - 4575
3275 - 3564
3275 - 3524
3276 - 3302
3277 - 4476
3281 - -1
3283 - -1
3284 - 4749
3284 - 3786
3284 - 4848
3285 - 3329
3287 - 5606
3287 - 4300
3288 - 4994
3291 - 3464
3292 - 3432
3293 - -1
3298 - 3926
3299 - 5678
3300 - -1
3302 - -1
3303 - 4461
3303 - 3451
3303 - 4691
3303 - 3760
3305 - 4654
3305 - 4186
3309 - 5458
3311 - 5707
3313 - 5429
3314 - 5205
3314 - 4872
3315 - 3331
3315 - 3349
3315 - 4352
3317 - 5216
3318 - 4920
3318 - 4644
3318 - 4362
3318 - 4276
3319 - -1
3321 - 3904
3322 - 4583
3322 - 4354
3322 - 5648
3323 - 4494
3324 - 3604
3326 - 5561
3326 - 4762
3328 - 4049
3329 - -1
3331 - 5211
3331 - 4739
3332 - 5182
3332 - 5323
3334 - 4446
3336 - 5548
3336 - 4081
3336 - 4631
3338 - 5446
3338 - 4958
3340 - -1
3341 - 5099
3342 - -1
3344 - -1
3346 - -1
3347 - 4015
3347 - 4118
3348 - -1
3349 - 3712
3349 - 4269
3349 - 4841
3350 - -1
3351 - 3577
3351 - 4958
3352 - 3792
3353 - 5182
3353 - 4589
3353 - 3507
3356 - 5219
3357 - 4942
3358 - -1
3361 - 5239
3363 - 4449
3364 - 4388
3367 - 5342
3368 - -1
3371 - 5020
3371 - 4630
3372 - -1
3377 - 5698
3377 - 3805
3378 - 4022
3380 - -1
3381 - -1
3382 - 4278
3385 - 3662
3387 - -1
3389 - -1
3390 - 5250
3391 - 5383
3395 - 4154
3396 - 4547
3399 - 4292
3401 - 5227
3402 - 4390
3402 - 4983
3402 - 4400
3407 - -1
3408 - 5432
3408 - 4526
3409 - 5417
3411 - -1
3413 - 4443
3414 - 5526
3415 - 4583
3421 - 5325
3423 - -1
3432 - 4312
3432 - 3794
3433 - 3452
3433 - 4797
3437 - 4509
3439 - 5199
3440 - -1
3443 - -1
3446 - 4750
3446 - 4252
3450 - -1
3451 - 4427
3451 - 4680
3452 - 5325
3453 - 3779
3453 - 4679
3455 - 4337
3457 - 5019
3458 - -1
3459 - 5346
3463 - -1
3464 - 3677
3464 - 3990
3466 - 5700
3470 - 4807
3471 - 5258
3471 - 4787
3472 - 3869
3473 - 4486
3474 - 4693
3476 - -1
3477 - 4477
3478 - -1
3479 - 4350
3479 - 4889
3480 - -1
3481 - 4727
3482 - 5408
3483 - 3906
3483 - 5454
3483 - 5080
3484 - 5239
3486 - 5564
3486 - 3677
3487 - 3619
3487 - 4958
3488 - 3886
3491 - 5654
3493 - 5397
3493 - 5377
3495 - 4326
3496 - 4889
3497 - 3779
3497 - 3772
3497 - 4537
3499 - -1
3500 - 5494
3500 - 4367
3503 - 4510
3504 - 4179
3506 - -1
3507 - 3996
3508 - 4444
3508 - 3905
3510 - 4286
3511 - 5592
3517 - 3985
3517 - 4547
3517 - 4447
3519 - -1
3523 - 4616
3524 - 3591
3527 - -1
3530 - 5548
3530 - 4868
3530 - 5700
3532 - -1
3535 - -1
3537 - 4020
3537 - 3770
3538 - 4576
3538 - 4500
3542 - 4363
3543 - 4696
3545 - -1
3546 - 4128
3549 - -1
3553 - 4594
3553 - 5205
3554 - 3881
3556 - 4334
3563 - -1
3564 - 3870
3566 - 3919
3567 - 4480
3567 - 3931
3569 - -1
3573 - 5537
3573 - 4435
3577 - 3649
3580 - 5073
3580 - 3911
3581 - 5298
3582 - 5408
3585 - 5382
3585 - 5077
3585 - 4095
3586 - -1
3588 - -1
3589 - 4276
3590 - -1
3591 - 4324
3591 - 4531
3591 - 4319
3591 - 4842
3595 - -1
3596 - 5159
3597 - 5191
3602 - 5096
3603 - -1
3604 - 5543
3608 - -1
3609 - 3931
3609 - 4699
3610 - -1
3611 - 4547
3613 - 5435
3614 - 4865
3616 - -1
3617 - 4942
3617 - 4706
3618 - -1
3619 - 5008
3623 - -1
3624 - 5046
3630 - 4202
3630 - 4679
3630 - 4198
3632 - 3933
3632 - 5148
3632 - 5485
3635 - -1
3637 - 5488
3638 - 4837
3639 - -1
3642 - 4725
3642 - 4899
3645 - 4921
3647 - -1
3649 - 4201
3651 - 3668
3654 - 4526
3658 - 4158
3658 - 5223
3662 - 5383
3662 - 4224
3668 - -1
3675 - 5242
3675 - 3751
3677 - 5108
3679 - 5454
3679 - 4576
3680 - 3962
3683 - -1
3684 - -1
3687 - 3880
3688 - 4438
3692 - 5501
3695 - -1
3697 - 5683
3697 - 5094
3697 - 4231
3698 - 5096
3698 - 4302
3698 - 5412
3698 - 4749
3699 - 4558
3703 - 4920
3707 - 4884
3708 - 4377
3708 - 3757
3708 - 5391
3709 - 4211
3709 - 5242
3712 - -1
3714 - 3870
3716 - -1
3717 - -1
3718 - 4452
3718 - 4420
3718 - 5575
3720 - -1
3722 - -1
3723 - -1
3724 - -1
3726 - 5267
3727 - -1
3729 - 4447
3729 - 4653
3731 - 4498
3731 - 4122
3732 - 3867
3733 - -1
3734 - 4062
3736 - 3969
3739 - 4639
3741 - 3902
3742 - -1
3744 - 4087
3745 - 5094
3746 - -1
3747 - 5231
3750 - -1
3751 - 5159
3751 - 5644
3751 - 3800
3751 - 3877
3751 - 5473
3751 - 4307
3752 - 4592
3752 - 4841
3752 - 4312
3755 - 3962
3755 - 4541
3757 - 4277
3757 - 4154
3758 - 4713
3760 - -1
3761 - -1
3770 - -1
3771 - -1
3772 - 3794
3772 - 4447
3776 - 5417
3776 - 4667
3779 - 3894
3779 - 5271
3780 - -1
3781 - 4907
3784 - 4576
3784 - 4119
3786 - -1
3788 - -1
3792 - 4947
3794 - -1
3797 - -1
3800 - -1
3801 - -1
3803 - -1
3805 - 5606
3813 - 4232
3814 - 4786
3818 - -1
3819 - -1
3820 - 5442
3822 - 5437
3823 - 5199
3826 - 4194
3827 - 4893
3827 - 4666
3829 - 4475
3842 - -1
3844 - -1
3848 - 4481
3850 - -1
3863 - 3923
3865 - 4040
3865 - 3968
3867 - -1
3869 - -1
3870 - 3879
3871 - 4677
3872 - -1
3877 - 5149
3879 - -1
3880 - 4575
3880 - 4676
3880 - 4018
3881 - -1
3882 - 4502
3882 - 4696
3882 - 4814
3882 - 5542
3882 - 5551
3883 - -1
3884 - -1
3886 - -1
3887 - 4841
3888 - 4877
3888 - 3912
3888 - 5258
3888 - 4674
3889 - 4196
3890 - 4458
3891 - 5357
3891 - 5108
3893 - 5173
3893 - 4756
3894 - 4762
3897 - 4868
3900 - 4589
3900 - 4872
3902 - 5223
3903 - -1
3904 - 4192
3905 - 5630
3905 - 4137
3905 - 5054
3906 - 4311
3911 - -1
3912 - 4307
3915 - 4399
3915 - 4762
3919 - 3935
3919 - 4797
3919 - 5502
3920 - 4862
3923 - -1
3926 - 5026
3926 - 5089
3931 - -1
3932 - -1
3933 - 4759
3934 - 4786
3935 - 4943
3944 - 4252
3950 - 4667
3951 - 5200
3951 - 4192
3956 - -1
3957 - -1
3959 - -1
3961 - -1
3962 - 5528
3967 - -1
3968 - 4862
3968 - 5700
3969 - 5215
3971 - -1
3978 - 4889
3979 - 4694
3980 - 5424
3980 - 4029
3983 - 5229
3984 - 4710
3984 - 4461
3985 - -1
3989 - 5440
3990 - 4842
3991 - -1
3995 - 5580
3996 - -1
4000 - 4725
4004 - 5464
4008 - 4353
4008 - 4817
4008 - 4976
4010 - -1
4011 - 4183
4013 - 5089
4014 - 4679
4015 - -1
4016 - 4337
4017 - 5412
4018 - 5449
4019 - 4724
4019 - 5144
4020 - -1
4021 - 4209
4021 - 4926
4022 - 4178
4024 - 4352
4027 - 4406
4029 - 4788
4030 - -1
4031 - -1
4034 - 5277
4037 - 4491
4039 - 5713
4040 - 4653
4041 - 5495
4043 - 5417
4046 - -1
4049 - -1
4050 - -1
4052 - 4465
4056 - 4415
4060 - 5489
4060 - 5138
4062 - -1
4063 - 5178
4072 - 4438
4072 - 5637
4074 - 5140
4074 - 5373
4075 - -1
4076 - -1
4077 - -1
4079 - -1
4081 - -1
4087 - -1
4089 - -1
4091 - -1
4095 - 4537
4097 - 5274
4099 - 5495
4100 - 4543
4101 - 4645
4102 - -1
4103 - -1
4104 - -1
4107 - 5275
4109 - 5104
4111 - -1
4112 - -1
4117 - 5459
4118 - -1
4119 - -1
4122 - 4649
4125 - -1
4127 - -1
4128 - 4725
4131 - 4435
4131 - 4906
4132 - 5250
4133 - 4380
4133 - 5298
4134 - -1
4137 - -1
4139 - -1
4141 - 5501
4142 - 5212
4144 - -1
4148 - -1
4153 - 5140
4154 - -1
4156 - 5381
4158 - -1
4164 - -1
4166 - 5323
4168 - 5564
4168 - 5175
4168 - 4745
4169 - 4861
4169 - 5597
4170 - -1
4173 - -1
4177 - -1
4178 - 4676
4179 - -1
4181 - -1
4183 - 5248
4186 - -1
4192 - 5092
4192 - 4676
4194 - -1
4196 - 4491
4198 - 5580
4201 - -1
4202 - -1
4207 - 4299
4207 - 4404
4209 - -1
4211 - 5136
4212 - 4773
4215 - 5034
4215 - 5064
4217 - 5270
4218 - -1
4220 - -1
4221 - -1
4224 - -1
4227 - 4763
4228 - 5321
4231 - -1
4232 - 5502
4233 - 4875
4237 - 5098
4238 - -1
4239 - -1
4240 - -1
4247 - 5136
4249 - 5648
4252 - 5383
4258 - -1
4268 - -1
4269 - 5572
4269 - 4684
4271 - 5446
4274 - 4939
4274 - 4285
4274 - 5403
4276 - 4396
4277 - -1
4278 - -1
4285 - 5229
4285 - 4820
4286 - 5494
4292 - -1
4296 - -1
4299 - 4497
4300 - -1
4302 - -1
4303 - 4680
4305 - -1
4307 - 4473
4307 - 5323
4307 - 4958
4308 - 4434
4308 - 5413
4309 - 4361
4309 - 5127
4310 - -1
4311 - -1
4312 - -1
4316 - -1
4317 - 4332
4319 - -1
4324 - -1
4326 - -1
4327 - 4401
4328 - -1
4332 - -1
4334 - 5458
4337 - -1
4338 - -1
4340 - 4902
4346 - 5185
4346 - 5270
4350 - 5368
4351 - 4420
4352 - 5010
4353 - 4510
4354 - -1
4356 - -1
4358 - -1
4361 - -1
4362 - 5378
4363 - 4587
4365 - 5074
4367 - -1
4369 - -1
4371 - -1
4375 - -1
4377 - 4378
4378 - 5349
4380 - -1
4387 - -1
4388 - 4903
4390 - -1
4394 - -1
4395 - -1
4396 - -1
4397 - 4436
4399 - 5113
4400 - -1
4401 - -1
4404 - -1
4406 - -1
4407 - 4993
4412 - 5059
4412 - 4444
4414 - 5390
4415 - 4909
4418 - -1
4420 - -1
4423 - 4724
4424 - -1
4427 - -1
4428 - -1
4431 - 4640
4431 - 4785
4432 - 4730
4432 - 4565
4432 - 4899
4433 - -1
4434 - 4817
4435 - -1
4436 - -1
4438 - 4750
4443 - -1
4444 - -1
4445 - -1
4446 - 4916
4447 - -1
4449 - -1
4452 - -1
4455 - 4874
4456 - -1
4458 - -1
4461 - -1
4463 - 5242
4465 - 4603
4467 - -1
4468 - 4586
4470 - -1
4472 - -1
4473 - 5085
4473 - 4947
4474 - 4488
4475 - -1
4476 - -1
4477 - -1
4478 - 4976
4478 - 5494
4480 - -1
4481 - 5397
4483 - -1
4486 - -1
4488 - -1
4491 - -1
4492 - 5349
4492 - 5191
4492 - 4724
4492 - 5575
4494 - -1
4497 - 4511
4498 - 4943
4498 - 5096
4499 - -1
4500 - 4543
4501 - 4523
4502 - 5459
4504 - -1
4506 - -1
4507 - 5098
4507 - 5165
4509 - -1
4510 - 5169
4511 - -1
4514 - -1
4515 - 5173
4516 - -1
4523 - -1
4526 - -1
4531 - 5368
4533 - -1
4536 - -1
4537 - 4666
4541 - -1
4543 - -1
4546 - -1
4547 - -1
4551 - 5535
4557 - -1
4558 - -1
4562 - -1
4565 - -1
4567 - -1
4570 - -1
4573 - 5555
4573 - 5464
4575 - 5502
4576 - -1
4578 - -1
4580 - -1
4583 - 5486
4585 - -1
4586 - -1
4587 - -1
4589 - -1
4590 - -1
4592 - 5632
4594 - -1
4603 - -1
4611 - 4862
4616 - -1
4620 - -1
4623 - -1
4626 - -1
4630 - -1
4631 - -1
4634 - 5708
4635 - -1
4637 - 5708
4637 - 5486
4639 - 4679
4640 - -1
4643 - -1
4644 - -1
4645 - -1
4647 - -1
4649 - -1
4652 - 5542
4653 - -1
4654 - 4699
4656 - -1
4658 - -1
4663 - 4741
4666 - -1
4667 - 4778
4674 - -1
4675 - -1
4676 - -1
4677 - -1
4678 - -1
4679 - 5670
4680 - 5271
4681 - 5080
4681 - 4907
4681 - 5227
4684 - -1
4687 - -1
4689 - -1
4691 - 5406
4691 - 5520
4693 - 5523
4694 - -1
4695 - -1
4696 - -1
4698 - -1
4699 - 5673
4699 - 5096
4703 - 5178
4706 - -1
4710 - -1
4711 - -1
4713 - -1
4724 - -1
4725 - -1
4727 - 5167
4727 - 5652
4730 - -1
4735 - -1
4737 - 5274
4739 - 4992
4741 - -1
4743 - -1
4745 - -1
4749 - 4992
4750 - 4974
4756 - -1
4759 - -1
4762 - 5507
4763 - -1
4766 - 4891
4767 - 4876
4773 - 4853
4776 - -1
4778 - 5373
4780 - -1
4785 - -1
4786 - 5442
4787 - -1
4788 - 5289
4789 - -1
4791 - -1
4795 - 5285
4797 - 5673
4807 - -1
4814 - -1
4817 - 5059
4820 - -1
4831 - 5393
4832 - 4868
4835 - 4916
4835 - 4891
4836 - 4904
4837 - 5275
4841 - 5608
4842 - 5057
4844 - -1
4847 - 5242
4847 - 4902
4847 - 4992
4848 - -1
4853 - -1
4855 - -1
4856 - 5674
4858 - 5127
4860 - -1
4861 - -1
4862 - -1
4865 - 5486
4866 - -1
4868 - -1
4870 - 4884
4870 - 5242
4872 - -1
4874 - -1
4875 - -1
4876 - 5707
4876 - 5242
4877 - -1
4882 - -1
4884 - -1
4887 - 5206
4889 - -1
4891 - 4899
4893 - -1
4895 - -1
4899 - -1
4902 - 5578
4902 - 5449
4902 - 5048
4903 - -1
4904 - 5691
4904 - 5285
4906 - -1
4907 - -1
4909 - -1
4910 - -1
4916 - 5402
4918 - 5580
4920 - -1
4921 - 5173
4921 - 5185
4922 - -1
4923 - -1
4926 - -1
4927 - -1
4928 - -1
4929 - -1
4934 - -1
4936 - -1
4939 - -1
4940 - 5198
4942 - -1
4943 - -1
4947 - 5551
4954 - -1
4956 - 5035
4956 - 5244
4958 - 5654
4959 - 5698
4964 - -1
4965 - -1
4973 - 5671
4974 - -1
4976 - -1
4978 - 5260
4978 - 5592
4980 - -1
4983 - -1
4986 - 5596
4986 - 5410
4987 - -1
4992 - -1
4993 - 5086
4994 - -1
4995 - -1
5001 - -1
5002 - 5235
5005 - -1
5006 - 5260
5008 - 5247
5008 - 5252
5010 - -1
5013 - 5048
5016 - 5494
5016 - 5170
5019 - -1
5020 - -1
5022 - -1
5026 - -1
5032 - -1
5034 - -1
5035 - -1
5040 - -1
5046 - 5050
5048 - 5169
5050 - -1
5052 - -1
5054 - -1
5057 - -1
5059 - 5655
5064 - -1
5067 - 5535
5070 - -1
5073 - -1
5074 - 5495
5074 - 5212
5077 - -1
5080 - -1
5085 - 5254
5086 - -1
5089 - -1
5091 - -1
5092 - -1
5094 - -1
5096 - -1
5097 - -1
5098 - -1
5099 - -1
5101 - -1
5104 - 5182
5108 - -1
5109 - -1
5112 - -1
5113 - 5660
5119 - 5223
5127 - -1
5128 - 5442
5129 - -1
5134 - 5242
5136 - -1
5137 - -1
5138 - 5708
5140 - -1
5144 - -1
5146 - -1
5148 - -1
5149 - -1
5159 - 5454
5165 - -1
5167 - -1
5168 - -1
5169 - -1
5170 - -1
5173 - 5511
5175 - -1
5178 - 5403
5181 - -1
5182 - 5535
5185 - -1
5191 - -1
5198 - -1
5199 - -1
5200 - -1
5205 - 5290
5206 - -1
5211 - 5630
5212 - -1
5213 - -1
5214 - -1
5215 - -1
5216 - -1
5219 - -1
5221 - -1
5223 - -1
5227 - -1
5229 - -1
5230 - -1
5231 - -1
5232 - 5683
5235 - -1
5239 - -1
5242 - -1
5244 - -1
5247 - -1
5248 - -1
5250 - -1
5252 - -1
5254 - -1
5256 - -1
5258 - -1
5260 - -1
5261 - 5520
5263 - -1
5267 - -1
5270 - -1
5271 - -1
5274 - -1
5275 - -1
5277 - -1
5281 - -1
5282 - -1
5285 - -1
5287 - 5572
5289 - -1
5290 - -1
5297 - -1
5298 - -1
5300 - 5377
5302 - -1
5312 - -1
5321 - -1
5323 - -1
5325 - 5581
5329 - -1
5339 - -1
5340 - 5364
5342 - -1
5346 - 5391
5347 - -1
5349 - -1
5352 - 5507
5352 - 5378
5355 - 5540
5357 - -1
5364 - -1
5365 - 5671
5368 - -1
5372 - 5580
5373 - 5518
5377 - 5478
5378 - -1
5381 - -1
5382 - -1
5383 - -1
5387 - -1
5388 - -1
5390 - -1
5391 - -1
5393 - -1
5397 - -1
5402 - 5424
5403 - -1
5406 - -1
5408 - 5700
5410 - -1
5412 - -1
5413 - -1
5417 - -1
5424 - -1
5429 - 5442
5432 - -1
5435 - -1
5437 - -1
5440 - 5700
5442 - -1
5446 - -1
5449 - -1
5451 - 5671
5454 - -1
5458 - -1
5459 - 5566
5460 - -1
5463 - 5518
5464 - -1
5465 - -1
5468 - -1
5472 - 5523
5473 - -1
5475 - -1
5478 - -1
5481 - -1
5485 - -1
5486 - -1
5488 - -1
5489 - -1
5494 - -1
5495 - -1
5499 - 5581
5501 - -1
5502 - -1
5505 - -1
5507 - -1
5511 - 5608
5511 - 5535
5518 - -1
5520 - -1
5523 - -1
5526 - -1
5528 - -1
5530 - -1
5535 - -1
5537 - 5552
5540 - -1
5541 - -1
5542 - -1
5543 - -1
5545 - 5674
5547 - -1
5548 - -1
5551 - -1
5552 - -1
5553 - -1
5555 - -1
5561 - -1
5564 - -1
5566 - -1
5572 - -1
5575 - 5693
5576 - -1
5578 - 5674
5579 - -1
5580 - -1
5581 - -1
5592 - -1
5595 - -1
5596 - 5674
5597 - -1
5606 - -1
5608 - -1
5613 - -1
5621 - -1
5622 - 5678
5630 - -1
5632 - -1
5637 - -1
5644 - -1
5648 - -1
5652 - -1
5654 - -1
5655 - -1
5658 - -1
5660 - -1
5670 - -1
5671 - -1
5673 - -1
5674 - -1
5678 - -1
5683 - -1
5688 - -1
5691 - -1
5693 - -1
5698 - -1
5700 - -1
5702 - -1
5707 - -1
5708 - -1
5713 - -1

